cement,slag,ash,water,superplastic,coarseagg,fineagg,age,strength,water_cement_ratio,total_agg,binder,slag_ratio,ash_ratio,agg_binder_ratio
540.0,0.0,0.0,162.0,1.252762968495368,1040.0,676.0,3.367295829986474,79.99,0.262364264467491,1716.0,540.0,0.0,0.0,3.1777777777777776
540.0,0.0,0.0,162.0,1.252762968495368,1055.0,676.0,3.367295829986474,61.89,0.262364264467491,1731.0,540.0,0.0,0.0,3.2055555555555557
332.5,4.966335035199676,0.0,228.0,0.0,932.0,594.0,5.602118820879701,40.27,0.5221893824163057,1526.0,475.0,0.262364264467491,0.0,3.2126315789473683
332.5,4.966335035199676,0.0,228.0,0.0,932.0,594.0,5.902633333401366,41.05,0.5221893824163057,1526.0,475.0,0.262364264467491,0.0,3.2126315789473683
198.6,4.893352133481524,0.0,192.0,0.0,978.4,825.5,5.8888779583328805,44.3,0.6763912668315064,1803.9,331.0,0.33647223662121295,0.0,5.449848942598187
266.0,4.74493212836325,0.0,228.0,0.0,932.0,670.0,4.51085950651685,47.03,0.6190392084062234,1602.0,380.0,0.262364264467491,0.0,4.21578947368421
380.0,4.564348191467836,0.0,228.0,0.0,932.0,594.0,5.902633333401366,43.7,0.4700036292457356,1526.0,475.0,0.18232155679395465,0.0,3.2126315789473683
380.0,4.564348191467836,0.0,228.0,0.0,932.0,594.0,3.367295829986474,36.45,0.4700036292457356,1526.0,475.0,0.18232155679395465,0.0,3.2126315789473683
266.0,4.74493212836325,0.0,228.0,0.0,932.0,670.0,3.367295829986474,45.85,0.6190392084062234,1602.0,380.0,0.262364264467491,0.0,4.21578947368421
475.0,0.0,0.0,228.0,0.0,932.0,594.0,3.367295829986474,39.29,0.3920420877760237,1526.0,475.0,0.0,0.0,3.2126315789473683
198.6,4.893352133481524,0.0,192.0,0.0,978.4,825.5,4.51085950651685,38.07,0.6763912668315064,1803.9,331.0,0.33647223662121295,0.0,5.449848942598187
198.6,4.893352133481524,0.0,192.0,0.0,978.4,825.5,3.367295829986474,28.02,0.6763912668315064,1803.9,331.0,0.33647223662121295,0.0,5.449848942598187
427.5,3.8815637979434374,0.0,228.0,0.0,932.0,594.0,5.602118820879701,43.01,0.4274440148269396,1526.0,475.0,0.09531017980432487,0.0,3.2126315789473683
190.0,5.25227342804663,0.0,228.0,0.0,932.0,670.0,4.51085950651685,42.33,0.7884573603642702,1602.0,380.0,0.4054651081081644,0.0,4.21578947368421
304.0,4.343805421853684,0.0,228.0,0.0,932.0,670.0,3.367295829986474,47.81,0.5596157879354227,1602.0,380.0,0.18232155679395465,0.0,4.21578947368421
380.0,0.0,0.0,228.0,0.0,932.0,670.0,4.51085950651685,52.91,0.4700036292457356,1602.0,380.0,0.0,0.0,4.21578947368421
139.6,5.349010480863555,0.0,192.0,0.0,1047.0,806.9,4.51085950651685,39.36,0.8651482329328679,1853.9,349.0,0.4700036292457356,0.0,5.312034383954155
342.0,3.6635616461296463,0.0,228.0,0.0,932.0,670.0,5.902633333401366,56.14,0.5108256237659907,1602.0,380.0,0.09531017980432487,0.0,4.21578947368421
380.0,4.564348191467836,0.0,228.0,0.0,932.0,594.0,4.51085950651685,40.56,0.4700036292457356,1526.0,475.0,0.18232155679395465,0.0,3.2126315789473683
475.0,0.0,0.0,228.0,0.0,932.0,594.0,5.198497031265826,42.62,0.3920420877760237,1526.0,475.0,0.0,0.0,3.2126315789473683
427.5,3.8815637979434374,0.0,228.0,0.0,932.0,594.0,5.198497031265826,41.84,0.4274440148269396,1526.0,475.0,0.09531017980432487,0.0,3.2126315789473683
139.6,5.349010480863555,0.0,192.0,0.0,1047.0,806.9,3.367295829986474,28.24,0.8651482329328679,1853.9,349.0,0.4700036292457356,0.0,5.312034383954155
139.6,5.349010480863555,0.0,192.0,0.0,1047.0,806.9,1.3862943611198906,8.06,0.8651482329328679,1853.9,349.0,0.4700036292457356,0.0,5.312034383954155
139.6,5.349010480863555,0.0,192.0,0.0,1047.0,806.9,5.198497031265826,44.21,0.8651482329328679,1853.9,349.0,0.4700036292457356,0.0,5.312034383954155
380.0,0.0,0.0,228.0,0.0,932.0,670.0,5.902633333401366,52.52,0.4700036292457356,1602.0,380.0,0.0,0.0,4.21578947368421
380.0,0.0,0.0,228.0,0.0,932.0,670.0,5.602118820879701,53.3,0.4700036292457356,1602.0,380.0,0.0,0.0,4.21578947368421
380.0,4.564348191467836,0.0,228.0,0.0,932.0,594.0,5.602118820879701,41.15,0.4700036292457356,1526.0,475.0,0.18232155679395465,0.0,3.2126315789473683
342.0,3.6635616461296463,0.0,228.0,0.0,932.0,670.0,5.198497031265826,52.12,0.5108256237659907,1602.0,380.0,0.09531017980432487,0.0,4.21578947368421
427.5,3.8815637979434374,0.0,228.0,0.0,932.0,594.0,3.367295829986474,37.43,0.4274440148269396,1526.0,475.0,0.09531017980432487,0.0,3.2126315789473683
475.0,0.0,0.0,228.0,0.0,932.0,594.0,2.0794415416798357,38.6,0.3920420877760237,1526.0,475.0,0.0,0.0,3.2126315789473683
304.0,4.343805421853684,0.0,228.0,0.0,932.0,670.0,5.902633333401366,55.26,0.5596157879354227,1602.0,380.0,0.18232155679395465,0.0,4.21578947368421
266.0,4.74493212836325,0.0,228.0,0.0,932.0,670.0,5.902633333401366,52.91,0.6190392084062234,1602.0,380.0,0.262364264467491,0.0,4.21578947368421
198.6,4.893352133481524,0.0,192.0,0.0,978.4,825.5,5.198497031265826,41.72,0.6763912668315064,1803.9,331.0,0.33647223662121295,0.0,5.449848942598187
475.0,0.0,0.0,228.0,0.0,932.0,594.0,5.602118820879701,42.13,0.3920420877760237,1526.0,475.0,0.0,0.0,3.2126315789473683
190.0,5.25227342804663,0.0,228.0,0.0,932.0,670.0,5.902633333401366,53.69,0.7884573603642702,1602.0,380.0,0.4054651081081644,0.0,4.21578947368421
237.5,5.474369310328396,0.0,228.0,0.0,932.0,594.0,5.602118820879701,38.41,0.6729444732424258,1526.0,475.0,0.4054651081081644,0.0,3.2126315789473683
237.5,5.474369310328396,0.0,228.0,0.0,932.0,594.0,3.367295829986474,30.08,0.6729444732424258,1526.0,475.0,0.4054651081081644,0.0,3.2126315789473683
332.5,4.966335035199676,0.0,228.0,0.0,932.0,594.0,4.51085950651685,37.72,0.5221893824163057,1526.0,475.0,0.262364264467491,0.0,3.2126315789473683
475.0,0.0,0.0,228.0,0.0,932.0,594.0,4.51085950651685,42.23,0.3920420877760237,1526.0,475.0,0.0,0.0,3.2126315789473683
237.5,5.474369310328396,0.0,228.0,0.0,932.0,594.0,5.198497031265826,36.25,0.6729444732424258,1526.0,475.0,0.4054651081081644,0.0,3.2126315789473683
342.0,3.6635616461296463,0.0,228.0,0.0,932.0,670.0,4.51085950651685,50.46,0.5108256237659907,1602.0,380.0,0.09531017980432487,0.0,4.21578947368421
427.5,3.8815637979434374,0.0,228.0,0.0,932.0,594.0,5.902633333401366,43.7,0.4274440148269396,1526.0,475.0,0.09531017980432487,0.0,3.2126315789473683
237.5,5.474369310328396,0.0,228.0,0.0,932.0,594.0,5.902633333401366,39.0,0.6729444732424258,1526.0,475.0,0.4054651081081644,0.0,3.2126315789473683
380.0,0.0,0.0,228.0,0.0,932.0,670.0,5.198497031265826,53.1,0.4700036292457356,1602.0,380.0,0.0,0.0,4.21578947368421
427.5,3.8815637979434374,0.0,228.0,0.0,932.0,594.0,4.51085950651685,41.54,0.4274440148269396,1526.0,475.0,0.09531017980432487,0.0,3.2126315789473683
427.5,3.8815637979434374,0.0,228.0,0.0,932.0,594.0,2.0794415416798357,35.08,0.4274440148269396,1526.0,475.0,0.09531017980432487,0.0,3.2126315789473683
349.0,0.0,0.0,192.0,0.0,1047.0,806.9,1.3862943611198906,15.05,0.4383473566440544,1853.9,349.0,0.0,0.0,5.312034383954155
380.0,4.564348191467836,0.0,228.0,0.0,932.0,594.0,5.198497031265826,40.76,0.4700036292457356,1526.0,475.0,0.18232155679395465,0.0,3.2126315789473683
237.5,5.474369310328396,0.0,228.0,0.0,932.0,594.0,2.0794415416798357,26.26,0.6729444732424258,1526.0,475.0,0.4054651081081644,0.0,3.2126315789473683
380.0,4.564348191467836,0.0,228.0,0.0,932.0,594.0,2.0794415416798357,32.82,0.4700036292457356,1526.0,475.0,0.18232155679395465,0.0,3.2126315789473683
332.5,4.966335035199676,0.0,228.0,0.0,932.0,594.0,5.198497031265826,39.78,0.5221893824163057,1526.0,475.0,0.262364264467491,0.0,3.2126315789473683
190.0,5.25227342804663,0.0,228.0,0.0,932.0,670.0,5.198497031265826,46.93,0.7884573603642702,1602.0,380.0,0.4054651081081644,0.0,4.21578947368421
237.5,5.474369310328396,0.0,228.0,0.0,932.0,594.0,4.51085950651685,33.12,0.6729444732424258,1526.0,475.0,0.4054651081081644,0.0,3.2126315789473683
304.0,4.343805421853684,0.0,228.0,0.0,932.0,670.0,4.51085950651685,49.19,0.5596157879354227,1602.0,380.0,0.18232155679395465,0.0,4.21578947368421
139.6,5.349010480863555,0.0,192.0,0.0,1047.0,806.9,2.0794415416798357,14.59,0.8651482329328679,1853.9,349.0,0.4700036292457356,0.0,5.312034383954155
198.6,4.893352133481524,0.0,192.0,0.0,978.4,825.5,2.0794415416798357,14.64,0.6763912668315064,1803.9,331.0,0.33647223662121295,0.0,5.449848942598187
475.0,0.0,0.0,228.0,0.0,932.0,594.0,5.902633333401366,41.93,0.3920420877760237,1526.0,475.0,0.0,0.0,3.2126315789473683
198.6,4.893352133481524,0.0,192.0,0.0,978.4,825.5,1.3862943611198906,9.13,0.6763912668315064,1803.9,331.0,0.33647223662121295,0.0,5.449848942598187
304.0,4.343805421853684,0.0,228.0,0.0,932.0,670.0,5.198497031265826,50.95,0.5596157879354227,1602.0,380.0,0.18232155679395465,0.0,4.21578947368421
332.5,4.966335035199676,0.0,228.0,0.0,932.0,594.0,3.367295829986474,33.02,0.5221893824163057,1526.0,475.0,0.262364264467491,0.0,3.2126315789473683
304.0,4.343805421853684,0.0,228.0,0.0,932.0,670.0,5.602118820879701,54.38,0.5596157879354227,1602.0,380.0,0.18232155679395465,0.0,4.21578947368421
266.0,4.74493212836325,0.0,228.0,0.0,932.0,670.0,5.602118820879701,51.73,0.6190392084062234,1602.0,380.0,0.262364264467491,0.0,4.21578947368421
310.0,0.0,0.0,192.0,0.0,971.0,850.6,1.3862943611198906,9.87,0.48202782221253726,1821.6,310.0,0.0,0.0,5.876129032258064
190.0,5.25227342804663,0.0,228.0,0.0,932.0,670.0,5.602118820879701,50.66,0.7884573603642702,1602.0,380.0,0.4054651081081644,0.0,4.21578947368421
266.0,4.74493212836325,0.0,228.0,0.0,932.0,670.0,5.198497031265826,48.7,0.6190392084062234,1602.0,380.0,0.262364264467491,0.0,4.21578947368421
342.0,3.6635616461296463,0.0,228.0,0.0,932.0,670.0,5.602118820879701,55.06,0.5108256237659907,1602.0,380.0,0.09531017980432487,0.0,4.21578947368421
139.6,5.349010480863555,0.0,192.0,0.0,1047.0,806.9,5.8888779583328805,44.7,0.8651482329328679,1853.9,349.0,0.4700036292457356,0.0,5.312034383954155
332.5,4.966335035199676,0.0,228.0,0.0,932.0,594.0,2.0794415416798357,30.28,0.5221893824163057,1526.0,475.0,0.262364264467491,0.0,3.2126315789473683
190.0,5.25227342804663,0.0,228.0,0.0,932.0,670.0,3.367295829986474,40.86,0.7884573603642702,1602.0,380.0,0.4054651081081644,0.0,4.21578947368421
485.0,0.0,0.0,146.0,0.0,1120.0,800.0,3.367295829986474,71.99,0.2631569716037299,1920.0,485.0,0.0,0.0,3.9587628865979383
374.0,5.24807615011129,0.0,170.1,2.4069451083182885,926.1,756.7,1.3862943611198906,34.4,0.3748772560773477,1682.8000000000002,563.2,0.2896332925830426,0.0,2.9879261363636362
313.3,5.572914199451162,0.0,175.5,2.2617630984737906,1046.9,611.8,1.3862943611198906,28.8,0.4447922098992395,1658.7,575.5,0.3754208129978264,0.0,2.882189400521286
425.0,4.675628649636653,0.0,153.5,2.8622008809294686,852.1,887.1,1.3862943611198906,33.4,0.3083493777093145,1739.2,531.3,0.18238429401910777,0.0,3.2734801430453606
425.0,4.675628649636653,0.0,151.4,2.975529566236472,936.0,803.7,1.3862943611198906,36.3,0.3047126952009502,1739.7,531.3,0.18238429401910777,0.0,3.2744212309429703
375.0,4.551769409260976,0.0,126.6,3.1945831322991562,852.1,780.0,1.3862943611198906,29.0,0.29087696334830015,1844.7,468.8,0.1823926577929536,0.0,3.9349402730375425
475.0,4.785823685681349,0.0,181.1,2.2925347571405443,852.1,781.5,1.3862943611198906,37.8,0.32299841231619064,1633.6,593.8,0.18237769084207625,0.0,2.751094644661502
469.0,4.772378104971998,0.0,137.8,3.502549875922443,852.1,840.5,1.3862943611198906,40.2,0.25759647902809785,1692.6,586.2,0.18226469176309001,0.0,2.8874104401228244
388.6,4.585987366571318,0.0,157.9,2.5726122302071057,852.1,925.7,1.3862943611198906,28.1,0.34098377067325353,1777.8000000000002,485.70000000000005,0.1822529249693506,0.0,3.660284126003706
531.3,0.0,0.0,141.8,3.374168709274236,852.1,893.7,1.3862943611198906,41.3,0.23656707355976994,1745.8000000000002,531.3,0.0,0.0,3.285902503293808
318.8,5.363636832668679,0.0,155.7,2.72785282839839,852.1,880.4,1.3862943611198906,25.2,0.3976976711339225,1732.5,531.3,0.33644534803407217,0.0,3.2608695652173916
401.8,4.5612182984589085,0.0,147.4,2.517696472610991,946.8,852.1,1.3862943611198906,41.1,0.31250822151298197,1798.9,496.5,0.17457088614876473,0.0,3.6231621349446126
362.6,5.247024072160486,0.0,164.9,2.533696813957432,944.7,755.8,1.3862943611198906,35.3,0.3748485670294709,1700.5,551.6,0.2946375225603656,0.0,3.0828498912255258
323.7,5.648269764725942,0.0,183.8,2.424802725718295,942.7,659.9,1.3862943611198906,28.3,0.44967954998374376,1602.6,606.5,0.38272990802148954,0.0,2.64237427864798
379.5,5.025195445427586,0.0,153.9,2.8273136219290276,1134.3,605.0,1.3862943611198906,28.6,0.34041701491222925,1739.3,530.7,0.25068612969275794,0.0,3.2773695119653286
286.3,5.307772525318792,0.0,144.7,2.501435951739211,1004.6,803.7,1.3862943611198906,24.4,0.40906787799967836,1808.3000000000002,487.20000000000005,0.3452594598127469,0.0,3.7116174055829227
439.0,5.181783550292085,0.0,186.0,2.4932054526026954,884.9,707.9,1.3862943611198906,39.3,0.3532522366612302,1592.8,616.0,0.25257625810132817,0.0,2.585714285714286
389.9,5.247024072160486,0.0,145.9,3.1354942159291497,944.7,755.8,1.3862943611198906,40.6,0.3178706611219567,1700.5,578.9,0.28252976525153894,0.0,2.9374676109863533
337.9,5.247024072160486,0.0,174.9,2.3513752571634776,944.7,755.8,1.3862943611198906,24.1,0.41713591188621607,1700.5,526.9,0.3065297151868992,0.0,3.227367621939647
374.0,5.24807615011129,0.0,170.1,2.4069451083182885,926.1,756.7,2.0794415416798357,46.2,0.3748772560773477,1682.8000000000002,563.2,0.2896332925830426,0.0,2.9879261363636362
313.3,5.572914199451162,0.0,175.5,2.2617630984737906,1046.9,611.8,2.0794415416798357,42.8,0.4447922098992395,1658.7,575.5,0.3754208129978264,0.0,2.882189400521286
425.0,4.675628649636653,0.0,153.5,2.8622008809294686,852.1,887.1,2.0794415416798357,49.2,0.3083493777093145,1739.2,531.3,0.18238429401910777,0.0,3.2734801430453606
425.0,4.675628649636653,0.0,151.4,2.975529566236472,936.0,803.7,2.0794415416798357,46.8,0.3047126952009502,1739.7,531.3,0.18238429401910777,0.0,3.2744212309429703
375.0,4.551769409260976,0.0,126.6,3.1945831322991562,852.1,780.0,2.0794415416798357,45.7,0.29087696334830015,1844.7,468.8,0.1823926577929536,0.0,3.9349402730375425
475.0,4.785823685681349,0.0,181.1,2.2925347571405443,852.1,781.5,2.0794415416798357,55.6,0.32299841231619064,1633.6,593.8,0.18237769084207625,0.0,2.751094644661502
469.0,4.772378104971998,0.0,137.8,3.502549875922443,852.1,840.5,2.0794415416798357,54.9,0.25759647902809785,1692.6,586.2,0.18226469176309001,0.0,2.8874104401228244
388.6,4.585987366571318,0.0,157.9,2.5726122302071057,852.1,925.7,2.0794415416798357,34.9,0.34098377067325353,1777.8000000000002,485.70000000000005,0.1822529249693506,0.0,3.660284126003706
531.3,0.0,0.0,141.8,3.374168709274236,852.1,893.7,2.0794415416798357,46.9,0.23656707355976994,1745.8000000000002,531.3,0.0,0.0,3.285902503293808
318.8,5.363636832668679,0.0,155.7,2.72785282839839,852.1,880.4,2.0794415416798357,33.4,0.3976976711339225,1732.5,531.3,0.33644534803407217,0.0,3.2608695652173916
401.8,4.5612182984589085,0.0,147.4,2.517696472610991,946.8,852.1,2.0794415416798357,54.1,0.31250822151298197,1798.9,496.5,0.17457088614876473,0.0,3.6231621349446126
362.6,5.247024072160486,0.0,164.9,2.533696813957432,944.7,755.8,2.0794415416798357,55.9,0.3748485670294709,1700.5,551.6,0.2946375225603656,0.0,3.0828498912255258
323.7,5.648269764725942,0.0,183.8,2.424802725718295,942.7,659.9,2.0794415416798357,49.8,0.44967954998374376,1602.6,606.5,0.38272990802148954,0.0,2.64237427864798
379.5,5.025195445427586,0.0,153.9,2.8273136219290276,1134.3,605.0,2.0794415416798357,47.1,0.34041701491222925,1739.3,530.7,0.25068612969275794,0.0,3.2773695119653286
286.3,5.307772525318792,0.0,144.7,2.501435951739211,1004.6,803.7,2.0794415416798357,38.0,0.40906787799967836,1808.3000000000002,487.20000000000005,0.3452594598127469,0.0,3.7116174055829227
439.0,5.181783550292085,0.0,186.0,2.4932054526026954,884.9,707.9,2.0794415416798357,56.1,0.3532522366612302,1592.8,616.0,0.25257625810132817,0.0,2.585714285714286
389.9,5.247024072160486,0.0,145.9,3.1354942159291497,944.7,755.8,2.0794415416798357,59.09,0.3178706611219567,1700.5,578.9,0.28252976525153894,0.0,2.9374676109863533
362.6,5.247024072160486,0.0,164.9,2.533696813957432,944.7,755.8,2.0794415416798357,22.9,0.3748485670294709,1700.5,551.6,0.2946375225603656,0.0,3.0828498912255258
337.9,5.247024072160486,0.0,174.9,2.3513752571634776,944.7,755.8,2.0794415416798357,35.1,0.41713591188621607,1700.5,526.9,0.3065297151868992,0.0,3.227367621939647
374.0,5.24807615011129,0.0,170.1,2.4069451083182885,926.1,756.7,3.367295829986474,61.09,0.3748772560773477,1682.8000000000002,563.2,0.2896332925830426,0.0,2.9879261363636362
313.3,5.572914199451162,0.0,175.5,2.2617630984737906,1046.9,611.8,3.367295829986474,59.8,0.4447922098992395,1658.7,575.5,0.3754208129978264,0.0,2.882189400521286
425.0,4.675628649636653,0.0,153.5,2.8622008809294686,852.1,887.1,3.367295829986474,60.29,0.3083493777093145,1739.2,531.3,0.18238429401910777,0.0,3.2734801430453606
425.0,4.675628649636653,0.0,151.4,2.975529566236472,936.0,803.7,3.367295829986474,61.8,0.3047126952009502,1739.7,531.3,0.18238429401910777,0.0,3.2744212309429703
375.0,4.551769409260976,0.0,126.6,3.1945831322991562,852.1,780.0,3.367295829986474,56.7,0.29087696334830015,1844.7,468.8,0.1823926577929536,0.0,3.9349402730375425
475.0,4.785823685681349,0.0,181.1,2.2925347571405443,852.1,781.5,3.367295829986474,68.3,0.32299841231619064,1633.6,593.8,0.18237769084207625,0.0,2.751094644661502
469.0,4.772378104971998,0.0,137.8,3.502549875922443,852.1,840.5,3.367295829986474,66.9,0.25759647902809785,1692.6,586.2,0.18226469176309001,0.0,2.8874104401228244
388.6,4.585987366571318,0.0,157.9,2.5726122302071057,852.1,925.7,3.367295829986474,50.7,0.34098377067325353,1777.8000000000002,485.70000000000005,0.1822529249693506,0.0,3.660284126003706
531.3,0.0,0.0,141.8,3.374168709274236,852.1,893.7,3.367295829986474,56.4,0.23656707355976994,1745.8000000000002,531.3,0.0,0.0,3.285902503293808
318.8,5.363636832668679,0.0,155.7,2.72785282839839,852.1,880.4,3.367295829986474,55.5,0.3976976711339225,1732.5,531.3,0.33644534803407217,0.0,3.2608695652173916
401.8,4.5612182984589085,0.0,147.4,2.517696472610991,946.8,852.1,3.367295829986474,68.5,0.31250822151298197,1798.9,496.5,0.17457088614876473,0.0,3.6231621349446126
362.6,5.247024072160486,0.0,164.9,2.533696813957432,944.7,755.8,3.367295829986474,71.3,0.3748485670294709,1700.5,551.6,0.2946375225603656,0.0,3.0828498912255258
323.7,5.648269764725942,0.0,183.8,2.424802725718295,942.7,659.9,3.367295829986474,74.7,0.44967954998374376,1602.6,606.5,0.38272990802148954,0.0,2.64237427864798
379.5,5.025195445427586,0.0,153.9,2.8273136219290276,1134.3,605.0,3.367295829986474,52.2,0.34041701491222925,1739.3,530.7,0.25068612969275794,0.0,3.2773695119653286
286.3,5.307772525318792,0.0,144.7,2.501435951739211,1004.6,803.7,3.367295829986474,67.7,0.40906787799967836,1808.3000000000002,487.20000000000005,0.3452594598127469,0.0,3.7116174055829227
439.0,5.181783550292085,0.0,186.0,2.4932054526026954,884.9,707.9,3.367295829986474,66.0,0.3532522366612302,1592.8,616.0,0.25257625810132817,0.0,2.585714285714286
389.9,5.247024072160486,0.0,145.9,3.1354942159291497,944.7,755.8,3.367295829986474,74.5,0.3178706611219567,1700.5,578.9,0.28252976525153894,0.0,2.9374676109863533
337.9,5.247024072160486,0.0,174.9,2.3513752571634776,944.7,755.8,3.367295829986474,49.9,0.41713591188621607,1700.5,526.9,0.3065297151868992,0.0,3.227367621939647
374.0,5.24807615011129,0.0,170.1,2.4069451083182885,926.1,756.7,4.04305126783455,63.4,0.3748772560773477,1682.8000000000002,563.2,0.2896332925830426,0.0,2.9879261363636362
313.3,5.572914199451162,0.0,175.5,2.2617630984737906,1046.9,611.8,4.04305126783455,64.9,0.4447922098992395,1658.7,575.5,0.3754208129978264,0.0,2.882189400521286
425.0,4.675628649636653,0.0,153.5,2.8622008809294686,852.1,887.1,4.04305126783455,64.3,0.3083493777093145,1739.2,531.3,0.18238429401910777,0.0,3.2734801430453606
425.0,4.675628649636653,0.0,151.4,2.975529566236472,936.0,803.7,4.04305126783455,64.9,0.3047126952009502,1739.7,531.3,0.18238429401910777,0.0,3.2744212309429703
375.0,4.551769409260976,0.0,126.6,3.1945831322991562,852.1,780.0,4.04305126783455,60.2,0.29087696334830015,1844.7,468.8,0.1823926577929536,0.0,3.9349402730375425
475.0,4.785823685681349,0.0,181.1,2.2925347571405443,852.1,781.5,4.04305126783455,72.3,0.32299841231619064,1633.6,593.8,0.18237769084207625,0.0,2.751094644661502
469.0,4.772378104971998,0.0,137.8,3.502549875922443,852.1,840.5,4.04305126783455,69.3,0.25759647902809785,1692.6,586.2,0.18226469176309001,0.0,2.8874104401228244
388.6,4.585987366571318,0.0,157.9,2.5726122302071057,852.1,925.7,4.04305126783455,55.2,0.34098377067325353,1777.8000000000002,485.70000000000005,0.1822529249693506,0.0,3.660284126003706
531.3,0.0,0.0,141.8,3.374168709274236,852.1,893.7,4.04305126783455,58.8,0.23656707355976994,1745.8000000000002,531.3,0.0,0.0,3.285902503293808
318.8,5.363636832668679,0.0,155.7,2.72785282839839,852.1,880.4,4.04305126783455,66.1,0.3976976711339225,1732.5,531.3,0.33644534803407217,0.0,3.2608695652173916
401.8,4.5612182984589085,0.0,147.4,2.517696472610991,946.8,852.1,4.04305126783455,73.7,0.31250822151298197,1798.9,496.5,0.17457088614876473,0.0,3.6231621349446126
362.6,5.247024072160486,0.0,164.9,2.533696813957432,944.7,755.8,4.04305126783455,77.3,0.3748485670294709,1700.5,551.6,0.2946375225603656,0.0,3.0828498912255258
323.7,5.648269764725942,0.0,183.8,2.424802725718295,942.7,659.9,4.04305126783455,80.2,0.44967954998374376,1602.6,606.5,0.38272990802148954,0.0,2.64237427864798
379.5,5.025195445427586,0.0,153.9,2.8273136219290276,1134.3,605.0,4.04305126783455,54.9,0.34041701491222925,1739.3,530.7,0.25068612969275794,0.0,3.2773695119653286
286.3,5.307772525318792,0.0,144.7,2.501435951739211,1004.6,803.7,4.04305126783455,72.99,0.40906787799967836,1808.3000000000002,487.20000000000005,0.3452594598127469,0.0,3.7116174055829227
439.0,5.181783550292085,0.0,186.0,2.4932054526026954,884.9,707.9,4.04305126783455,71.7,0.3532522366612302,1592.8,616.0,0.25257625810132817,0.0,2.585714285714286
389.9,5.247024072160486,0.0,145.9,3.1354942159291497,944.7,755.8,4.04305126783455,79.4,0.3178706611219567,1700.5,578.9,0.28252976525153894,0.0,2.9374676109863533
337.9,5.247024072160486,0.0,174.9,2.3513752571634776,944.7,755.8,4.04305126783455,59.89,0.41713591188621607,1700.5,526.9,0.3065297151868992,0.0,3.227367621939647
374.0,5.24807615011129,0.0,170.1,2.4069451083182885,926.1,756.7,4.5217885770490405,64.9,0.3748772560773477,1682.8000000000002,563.2,0.2896332925830426,0.0,2.9879261363636362
313.3,5.572914199451162,0.0,175.5,2.2617630984737906,1046.9,611.8,4.5217885770490405,66.6,0.4447922098992395,1658.7,575.5,0.3754208129978264,0.0,2.882189400521286
425.0,4.675628649636653,0.0,153.5,2.8622008809294686,852.1,887.1,4.5217885770490405,65.2,0.3083493777093145,1739.2,531.3,0.18238429401910777,0.0,3.2734801430453606
425.0,4.675628649636653,0.0,151.4,2.975529566236472,936.0,803.7,4.5217885770490405,66.7,0.3047126952009502,1739.7,531.3,0.18238429401910777,0.0,3.2744212309429703
375.0,4.551769409260976,0.0,126.6,3.1945831322991562,852.1,780.0,4.5217885770490405,62.5,0.29087696334830015,1844.7,468.8,0.1823926577929536,0.0,3.9349402730375425
475.0,4.785823685681349,0.0,181.1,2.2925347571405443,852.1,781.5,4.5217885770490405,74.19,0.32299841231619064,1633.6,593.8,0.18237769084207625,0.0,2.751094644661502
469.0,4.772378104971998,0.0,137.8,3.502549875922443,852.1,840.5,4.5217885770490405,70.7,0.25759647902809785,1692.6,586.2,0.18226469176309001,0.0,2.8874104401228244
388.6,4.585987366571318,0.0,157.9,2.5726122302071057,852.1,925.7,4.5217885770490405,57.6,0.34098377067325353,1777.8000000000002,485.70000000000005,0.1822529249693506,0.0,3.660284126003706
531.3,0.0,0.0,141.8,3.374168709274236,852.1,893.7,4.5217885770490405,59.2,0.23656707355976994,1745.8000000000002,531.3,0.0,0.0,3.285902503293808
318.8,5.363636832668679,0.0,155.7,2.72785282839839,852.1,880.4,4.5217885770490405,68.1,0.3976976711339225,1732.5,531.3,0.33644534803407217,0.0,3.2608695652173916
401.8,4.5612182984589085,0.0,147.4,2.517696472610991,946.8,852.1,4.5217885770490405,75.5,0.31250822151298197,1798.9,496.5,0.17457088614876473,0.0,3.6231621349446126
362.6,5.247024072160486,0.0,164.9,2.533696813957432,944.7,755.8,4.5217885770490405,79.3,0.3748485670294709,1700.5,551.6,0.2946375225603656,0.0,3.0828498912255258
379.5,5.025195445427586,0.0,153.9,2.8273136219290276,1134.3,605.0,4.5217885770490405,56.5,0.34041701491222925,1739.3,530.7,0.25068612969275794,0.0,3.2773695119653286
286.3,5.307772525318792,0.0,144.7,2.501435951739211,1004.6,803.7,4.5217885770490405,76.8,0.40906787799967836,1808.3000000000002,487.20000000000005,0.3452594598127469,0.0,3.7116174055829227
439.0,5.181783550292085,0.0,186.0,2.4932054526026954,884.9,707.9,4.5217885770490405,73.3,0.3532522366612302,1592.8,616.0,0.25257625810132817,0.0,2.585714285714286
389.9,5.247024072160486,0.0,145.9,3.1354942159291497,944.7,755.8,4.5217885770490405,82.6,0.3178706611219567,1700.5,578.9,0.28252976525153894,0.0,2.9374676109863533
337.9,5.247024072160486,0.0,174.9,2.3513752571634776,944.7,755.8,4.5217885770490405,67.8,0.41713591188621607,1700.5,526.9,0.3065297151868992,0.0,3.227367621939647
222.4,0.0,4.581901559048737,189.3,1.7047480922384253,967.1,870.3,1.3862943611198906,11.58,0.6158173663994316,1837.4,319.1,0.0,0.2646998421397147,5.7580695706675025
222.4,0.0,4.581901559048737,189.3,1.7047480922384253,967.1,870.3,2.70805020110221,24.45,0.6158173663994316,1837.4,319.1,0.0,0.2646998421397147,5.7580695706675025
222.4,0.0,4.581901559048737,189.3,1.7047480922384253,967.1,870.3,3.367295829986474,24.89,0.6158173663994316,1837.4,319.1,0.0,0.2646998421397147,5.7580695706675025
222.4,0.0,4.581901559048737,189.3,1.7047480922384253,967.1,870.3,4.04305126783455,29.45,0.6158173663994316,1837.4,319.1,0.0,0.2646998421397147,5.7580695706675025
222.4,0.0,4.581901559048737,189.3,1.7047480922384253,967.1,870.3,4.61512051684126,40.71,0.6158173663994316,1837.4,319.1,0.0,0.2646998421397147,5.7580695706675025
233.8,0.0,4.560172820057356,197.9,1.7227665977411035,947.0,852.2,1.3862943611198906,10.38,0.6132648535234638,1799.2,328.4,0.0,0.2531398014680048,5.478684531059684
233.8,0.0,4.560172820057356,197.9,1.7227665977411035,947.0,852.2,2.70805020110221,22.14,0.6132648535234638,1799.2,328.4,0.0,0.2531398014680048,5.478684531059684
233.8,0.0,4.560172820057356,197.9,1.7227665977411035,947.0,852.2,3.367295829986474,22.84,0.6132648535234638,1799.2,328.4,0.0,0.2531398014680048,5.478684531059684
233.8,0.0,4.560172820057356,197.9,1.7227665977411035,947.0,852.2,4.04305126783455,27.66,0.6132648535234638,1799.2,328.4,0.0,0.2531398014680048,5.478684531059684
233.8,0.0,4.560172820057356,197.9,1.7227665977411035,947.0,852.2,4.61512051684126,34.56,0.6132648535234638,1799.2,328.4,0.0,0.2531398014680048,5.478684531059684
194.7,0.0,4.620058798481842,165.6,2.1400661634962708,1006.4,905.9,1.3862943611198906,12.45,0.6154771053758936,1912.3,295.2,0.0,0.29300325566506114,6.477981029810298
194.7,0.0,4.620058798481842,165.6,2.1400661634962708,1006.4,905.9,2.70805020110221,24.99,0.6154771053758936,1912.3,295.2,0.0,0.29300325566506114,6.477981029810298
194.7,0.0,4.620058798481842,165.6,2.1400661634962708,1006.4,905.9,3.367295829986474,25.72,0.6154771053758936,1912.3,295.2,0.0,0.29300325566506114,6.477981029810298
194.7,0.0,4.620058798481842,165.6,2.1400661634962708,1006.4,905.9,4.04305126783455,33.96,0.6154771053758936,1912.3,295.2,0.0,0.29300325566506114,6.477981029810298
194.7,0.0,4.620058798481842,165.6,2.1400661634962708,1006.4,905.9,4.61512051684126,37.34,0.6154771053758936,1912.3,295.2,0.0,0.29300325566506114,6.477981029810298
190.7,0.0,4.839451481712757,162.1,2.174751721484161,1090.0,804.0,1.3862943611198906,15.04,0.6151998115262629,1894.0,316.1,0.0,0.3341194008224427,5.991774754824422
190.7,0.0,4.839451481712757,162.1,2.174751721484161,1090.0,804.0,2.70805020110221,21.06,0.6151998115262629,1894.0,316.1,0.0,0.3341194008224427,5.991774754824422
190.7,0.0,4.839451481712757,162.1,2.174751721484161,1090.0,804.0,3.367295829986474,26.4,0.6151998115262629,1894.0,316.1,0.0,0.3341194008224427,5.991774754824422
190.7,0.0,4.839451481712757,162.1,2.174751721484161,1090.0,804.0,4.04305126783455,35.34,0.6151998115262629,1894.0,316.1,0.0,0.3341194008224427,5.991774754824422
190.7,0.0,4.839451481712757,162.1,2.174751721484161,1090.0,804.0,4.61512051684126,40.57,0.6151998115262629,1894.0,316.1,0.0,0.3341194008224427,5.991774754824422
212.1,0.0,4.808927023502111,180.3,1.9021075263969205,1057.6,779.3,1.3862943611198906,12.47,0.6152238661205713,1836.8999999999999,333.7,0.0,0.31071415658340806,5.504644890620318
212.1,0.0,4.808927023502111,180.3,1.9021075263969205,1057.6,779.3,2.70805020110221,20.92,0.6152238661205713,1836.8999999999999,333.7,0.0,0.31071415658340806,5.504644890620318
212.1,0.0,4.808927023502111,180.3,1.9021075263969205,1057.6,779.3,3.367295829986474,24.9,0.6152238661205713,1836.8999999999999,333.7,0.0,0.31071415658340806,5.504644890620318
212.1,0.0,4.808927023502111,180.3,1.9021075263969205,1057.6,779.3,4.04305126783455,34.2,0.6152238661205713,1836.8999999999999,333.7,0.0,0.31071415658340806,5.504644890620318
212.1,0.0,4.808927023502111,180.3,1.9021075263969205,1057.6,779.3,4.61512051684126,39.61,0.6152238661205713,1836.8999999999999,333.7,0.0,0.31071415658340806,5.504644890620318
230.0,0.0,4.78164132910387,195.5,1.7227665977411035,1029.4,758.6,1.3862943611198906,10.03,0.6151856390902334,1788.0,348.3,0.0,0.2924081822153741,5.133505598621878
230.0,0.0,4.78164132910387,195.5,1.7227665977411035,1029.4,758.6,2.70805020110221,20.08,0.6151856390902334,1788.0,348.3,0.0,0.2924081822153741,5.133505598621878
230.0,0.0,4.78164132910387,195.5,1.7227665977411035,1029.4,758.6,3.367295829986474,24.48,0.6151856390902334,1788.0,348.3,0.0,0.2924081822153741,5.133505598621878
230.0,0.0,4.78164132910387,195.5,1.7227665977411035,1029.4,758.6,4.04305126783455,31.54,0.6151856390902334,1788.0,348.3,0.0,0.2924081822153741,5.133505598621878
230.0,0.0,4.78164132910387,195.5,1.7227665977411035,1029.4,758.6,4.61512051684126,35.34,0.6151856390902334,1788.0,348.3,0.0,0.2924081822153741,5.133505598621878
190.3,0.0,4.837867950107113,161.9,2.388762789235098,1088.1,802.6,1.3862943611198906,9.45,0.6155974217600019,1890.6999999999998,315.5,0.0,0.3342056898666735,5.992709984152139
190.3,0.0,4.837867950107113,161.9,2.388762789235098,1088.1,802.6,2.70805020110221,22.72,0.6155974217600019,1890.6999999999998,315.5,0.0,0.3342056898666735,5.992709984152139
190.3,0.0,4.837867950107113,161.9,2.388762789235098,1088.1,802.6,3.367295829986474,28.47,0.6155974217600019,1890.6999999999998,315.5,0.0,0.3342056898666735,5.992709984152139
190.3,0.0,4.837867950107113,161.9,2.388762789235098,1088.1,802.6,4.04305126783455,38.56,0.6155974217600019,1890.6999999999998,315.5,0.0,0.3342056898666735,5.992709984152139
190.3,0.0,4.837867950107113,161.9,2.388762789235098,1088.1,802.6,4.61512051684126,40.39,0.6155974217600019,1890.6999999999998,315.5,0.0,0.3342056898666735,5.992709984152139
166.1,0.0,5.101694025043223,176.5,1.7047480922384253,1058.6,780.1,1.3862943611198906,10.76,0.7239735692707704,1838.6999999999998,329.4,0.0,0.4026276518063775,5.581967213114754
166.1,0.0,5.101694025043223,176.5,1.7047480922384253,1058.6,780.1,2.70805020110221,25.48,0.7239735692707704,1838.6999999999998,329.4,0.0,0.4026276518063775,5.581967213114754
166.1,0.0,5.101694025043223,176.5,1.7047480922384253,1058.6,780.1,3.367295829986474,21.54,0.7239735692707704,1838.6999999999998,329.4,0.0,0.4026276518063775,5.581967213114754
166.1,0.0,5.101694025043223,176.5,1.7047480922384253,1058.6,780.1,4.04305126783455,28.63,0.7239735692707704,1838.6999999999998,329.4,0.0,0.4026276518063775,5.581967213114754
166.1,0.0,5.101694025043223,176.5,1.7047480922384253,1058.6,780.1,4.61512051684126,33.54,0.7239735692707704,1838.6999999999998,329.4,0.0,0.4026276518063775,5.581967213114754
168.0,3.763522997109702,5.1047326174753715,121.8,1.9021075263969205,1058.7,780.1,1.3862943611198906,7.75,0.545227050483323,1838.8000000000002,373.9,0.10669687827819525,0.36331240183256436,4.917892484621557
168.0,3.763522997109702,5.1047326174753715,121.8,1.9021075263969205,1058.7,780.1,2.70805020110221,17.82,0.545227050483323,1838.8000000000002,373.9,0.10669687827819525,0.36331240183256436,4.917892484621557
168.0,3.763522997109702,5.1047326174753715,121.8,1.9021075263969205,1058.7,780.1,3.367295829986474,24.24,0.545227050483323,1838.8000000000002,373.9,0.10669687827819525,0.36331240183256436,4.917892484621557
168.0,3.763522997109702,5.1047326174753715,121.8,1.9021075263969205,1058.7,780.1,4.04305126783455,32.85,0.545227050483323,1838.8000000000002,373.9,0.10669687827819525,0.36331240183256436,4.917892484621557
168.0,3.763522997109702,5.1047326174753715,121.8,1.9021075263969205,1058.7,780.1,4.61512051684126,39.23,0.545227050483323,1838.8000000000002,373.9,0.10669687827819525,0.36331240183256436,4.917892484621557
213.7,4.596129441335942,3.2386784521643803,181.7,2.066862759472976,1065.8,785.4,1.3862943611198906,18.0,0.6153247484114147,1851.1999999999998,336.29999999999995,0.25596214987350174,0.07032016944224469,5.504608980077312
213.7,4.596129441335942,3.2386784521643803,181.7,2.066862759472976,1065.8,785.4,2.70805020110221,30.39,0.6153247484114147,1851.1999999999998,336.29999999999995,0.25596214987350174,0.07032016944224469,5.504608980077312
213.7,4.596129441335942,3.2386784521643803,181.7,2.066862759472976,1065.8,785.4,3.367295829986474,45.71,0.6153247484114147,1851.1999999999998,336.29999999999995,0.25596214987350174,0.07032016944224469,5.504608980077312
213.7,4.596129441335942,3.2386784521643803,181.7,2.066862759472976,1065.8,785.4,4.04305126783455,50.77,0.6153247484114147,1851.1999999999998,336.29999999999995,0.25596214987350174,0.07032016944224469,5.504608980077312
213.7,4.596129441335942,3.2386784521643803,181.7,2.066862759472976,1065.8,785.4,4.61512051684126,53.9,0.6153247484114147,1851.1999999999998,336.29999999999995,0.25596214987350174,0.07032016944224469,5.504608980077312
213.8,4.596129441335942,3.2386784521643803,181.7,2.0412203288596382,1066.0,785.5,1.3862943611198906,13.18,0.6151097886167637,1851.5,336.4,0.2558950166066537,0.0702999835499499,5.5038644470868014
213.8,4.596129441335942,3.2386784521643803,181.7,2.0412203288596382,1066.0,785.5,2.70805020110221,17.84,0.6151097886167637,1851.5,336.4,0.2558950166066537,0.0702999835499499,5.5038644470868014
213.8,4.596129441335942,3.2386784521643803,181.7,2.0412203288596382,1066.0,785.5,3.367295829986474,40.23,0.6151097886167637,1851.5,336.4,0.2558950166066537,0.0702999835499499,5.5038644470868014
213.8,4.596129441335942,3.2386784521643803,181.7,2.0412203288596382,1066.0,785.5,4.04305126783455,47.13,0.6151097886167637,1851.5,336.4,0.2558950166066537,0.0702999835499499,5.5038644470868014
213.8,4.596129441335942,3.2386784521643803,181.7,2.0412203288596382,1066.0,785.5,4.61512051684126,49.97,0.6151097886167637,1851.5,336.4,0.2558950166066537,0.0702999835499499,5.5038644470868014
229.7,0.0,4.7808027546312495,195.2,1.9600947840472698,1028.1,757.6,1.3862943611198906,13.36,0.6150797374257133,1785.6999999999998,347.9,0.0,0.2924851212207989,5.132796780684105
229.7,0.0,4.7808027546312495,195.2,1.9600947840472698,1028.1,757.6,2.70805020110221,22.32,0.6150797374257133,1785.6999999999998,347.9,0.0,0.2924851212207989,5.132796780684105
229.7,0.0,4.7808027546312495,195.2,1.9600947840472698,1028.1,757.6,3.367295829986474,24.54,0.6150797374257133,1785.6999999999998,347.9,0.0,0.2924851212207989,5.132796780684105
229.7,0.0,4.7808027546312495,195.2,1.9600947840472698,1028.1,757.6,4.04305126783455,31.35,0.6150797374257133,1785.6999999999998,347.9,0.0,0.2924851212207989,5.132796780684105
229.7,0.0,4.7808027546312495,195.2,1.9600947840472698,1028.1,757.6,4.61512051684126,40.86,0.6150797374257133,1785.6999999999998,347.9,0.0,0.2924851212207989,5.132796780684105
238.1,0.0,4.554928969551344,186.7,2.0794415416798357,949.9,847.0,1.3862943611198906,19.93,0.5789277164349119,1796.9,332.2,0.0,0.24940612659197015,5.409090909090909
238.1,0.0,4.554928969551344,186.7,2.0794415416798357,949.9,847.0,2.70805020110221,25.69,0.5789277164349119,1796.9,332.2,0.0,0.24940612659197015,5.409090909090909
238.1,0.0,4.554928969551344,186.7,2.0794415416798357,949.9,847.0,3.367295829986474,30.23,0.5789277164349119,1796.9,332.2,0.0,0.24940612659197015,5.409090909090909
238.1,0.0,4.554928969551344,186.7,2.0794415416798357,949.9,847.0,4.04305126783455,39.59,0.5789277164349119,1796.9,332.2,0.0,0.24940612659197015,5.409090909090909
238.1,0.0,4.554928969551344,186.7,2.0794415416798357,949.9,847.0,4.61512051684126,44.3,0.5789277164349119,1796.9,332.2,0.0,0.24940612659197015,5.409090909090909
250.0,0.0,4.571613402459248,187.4,1.8718021769015913,956.9,861.2,1.3862943611198906,13.82,0.5593871903804211,1818.1,345.7,0.0,0.2443801468950572,5.259184263812554
250.0,0.0,4.571613402459248,187.4,1.8718021769015913,956.9,861.2,2.70805020110221,24.92,0.5593871903804211,1818.1,345.7,0.0,0.2443801468950572,5.259184263812554
250.0,0.0,4.571613402459248,187.4,1.8718021769015913,956.9,861.2,3.367295829986474,29.22,0.5593871903804211,1818.1,345.7,0.0,0.2443801468950572,5.259184263812554
250.0,0.0,4.571613402459248,187.4,1.8718021769015913,956.9,861.2,4.04305126783455,38.33,0.5593871903804211,1818.1,345.7,0.0,0.2443801468950572,5.259184263812554
250.0,0.0,4.571613402459248,187.4,1.8718021769015913,956.9,861.2,4.61512051684126,42.35,0.5593871903804211,1818.1,345.7,0.0,0.2443801468950572,5.259184263812554
212.5,0.0,4.619073091157083,159.3,2.272125885509337,1007.8,903.6,1.3862943611198906,13.54,0.5594140869228721,1911.4,312.9,0.0,0.27829007084285023,6.108660914030042
212.5,0.0,4.619073091157083,159.3,2.272125885509337,1007.8,903.6,2.70805020110221,26.31,0.5594140869228721,1911.4,312.9,0.0,0.27829007084285023,6.108660914030042
212.5,0.0,4.619073091157083,159.3,2.272125885509337,1007.8,903.6,3.367295829986474,31.64,0.5594140869228721,1911.4,312.9,0.0,0.27829007084285023,6.108660914030042
212.5,0.0,4.619073091157083,159.3,2.272125885509337,1007.8,903.6,4.04305126783455,42.55,0.5594140869228721,1911.4,312.9,0.0,0.27829007084285023,6.108660914030042
212.5,0.0,4.619073091157083,159.3,2.272125885509337,1007.8,903.6,4.61512051684126,42.92,0.5594140869228721,1911.4,312.9,0.0,0.27829007084285023,6.108660914030042
212.6,0.0,4.619073091157083,159.4,2.4336133554004498,1003.8,903.8,1.3862943611198906,13.33,0.559481388365299,1907.6,313.0,0.0,0.2782124567075147,6.094568690095846
212.6,0.0,4.619073091157083,159.4,2.4336133554004498,1003.8,903.8,2.70805020110221,25.37,0.559481388365299,1907.6,313.0,0.0,0.2782124567075147,6.094568690095846
212.6,0.0,4.619073091157083,159.4,2.4336133554004498,1003.8,903.8,3.367295829986474,37.4,0.559481388365299,1907.6,313.0,0.0,0.2782124567075147,6.094568690095846
212.6,0.0,4.619073091157083,159.4,2.4336133554004498,1003.8,903.8,4.04305126783455,44.4,0.559481388365299,1907.6,313.0,0.0,0.2782124567075147,6.094568690095846
212.6,0.0,4.619073091157083,159.4,2.4336133554004498,1003.8,903.8,4.61512051684126,47.74,0.559481388365299,1907.6,313.0,0.0,0.2782124567075147,6.094568690095846
212.0,0.0,4.8346933442663405,159.0,2.174751721484161,1085.4,799.5,1.3862943611198906,19.52,0.5596157879354227,1884.9,336.8,0.0,0.3152094328257181,5.596496437054632
212.0,0.0,4.8346933442663405,159.0,2.174751721484161,1085.4,799.5,2.70805020110221,31.35,0.5596157879354227,1884.9,336.8,0.0,0.3152094328257181,5.596496437054632
212.0,0.0,4.8346933442663405,159.0,2.174751721484161,1085.4,799.5,3.367295829986474,38.5,0.5596157879354227,1884.9,336.8,0.0,0.3152094328257181,5.596496437054632
212.0,0.0,4.8346933442663405,159.0,2.174751721484161,1085.4,799.5,4.04305126783455,45.08,0.5596157879354227,1884.9,336.8,0.0,0.3152094328257181,5.596496437054632
212.0,0.0,4.8346933442663405,159.0,2.174751721484161,1085.4,799.5,4.61512051684126,47.82,0.5596157879354227,1884.9,336.8,0.0,0.3152094328257181,5.596496437054632
231.8,0.0,4.808927023502111,174.0,2.0412203288596382,1056.4,778.5,1.3862943611198906,15.44,0.559985496486063,1834.9,353.4,0.0,0.29571424414904524,5.1921335597057166
231.8,0.0,4.808927023502111,174.0,2.0412203288596382,1056.4,778.5,2.70805020110221,26.77,0.559985496486063,1834.9,353.4,0.0,0.29571424414904524,5.1921335597057166
231.8,0.0,4.808927023502111,174.0,2.0412203288596382,1056.4,778.5,3.367295829986474,33.73,0.559985496486063,1834.9,353.4,0.0,0.29571424414904524,5.1921335597057166
231.8,0.0,4.808927023502111,174.0,2.0412203288596382,1056.4,778.5,4.04305126783455,42.7,0.559985496486063,1834.9,353.4,0.0,0.29571424414904524,5.1921335597057166
231.8,0.0,4.808927023502111,174.0,2.0412203288596382,1056.4,778.5,4.61512051684126,45.84,0.559985496486063,1834.9,353.4,0.0,0.29571424414904524,5.1921335597057166
251.4,0.0,4.78164132910387,188.5,1.916922612182061,1028.4,757.7,1.3862943611198906,17.22,0.559502132198527,1786.1000000000001,369.7,0.0,0.27762353991056093,4.831214498241819
251.4,0.0,4.78164132910387,188.5,1.916922612182061,1028.4,757.7,2.70805020110221,29.93,0.559502132198527,1786.1000000000001,369.7,0.0,0.27762353991056093,4.831214498241819
251.4,0.0,4.78164132910387,188.5,1.916922612182061,1028.4,757.7,3.367295829986474,29.65,0.559502132198527,1786.1000000000001,369.7,0.0,0.27762353991056093,4.831214498241819
251.4,0.0,4.78164132910387,188.5,1.916922612182061,1028.4,757.7,4.04305126783455,36.97,0.559502132198527,1786.1000000000001,369.7,0.0,0.27762353991056093,4.831214498241819
251.4,0.0,4.78164132910387,188.5,1.916922612182061,1028.4,757.7,4.61512051684126,43.58,0.559502132198527,1786.1000000000001,369.7,0.0,0.27762353991056093,4.831214498241819
251.4,0.0,4.78164132910387,188.5,2.0014800002101243,1028.4,757.7,1.3862943611198906,13.12,0.559502132198527,1786.1000000000001,369.7,0.0,0.27762353991056093,4.831214498241819
251.4,0.0,4.78164132910387,188.5,2.0014800002101243,1028.4,757.7,2.70805020110221,24.43,0.559502132198527,1786.1000000000001,369.7,0.0,0.27762353991056093,4.831214498241819
251.4,0.0,4.78164132910387,188.5,2.0014800002101243,1028.4,757.7,3.367295829986474,32.66,0.559502132198527,1786.1000000000001,369.7,0.0,0.27762353991056093,4.831214498241819
251.4,0.0,4.78164132910387,188.5,2.0014800002101243,1028.4,757.7,4.04305126783455,36.64,0.559502132198527,1786.1000000000001,369.7,0.0,0.27762353991056093,4.831214498241819
251.4,0.0,4.78164132910387,188.5,2.0014800002101243,1028.4,757.7,4.61512051684126,44.21,0.559502132198527,1786.1000000000001,369.7,0.0,0.27762353991056093,4.831214498241819
181.4,0.0,5.123963979403259,169.6,2.151762203259462,1055.6,777.8,1.3862943611198906,13.62,0.6600816857848296,1833.3999999999999,348.4,0.0,0.39159205323991697,5.262342135476464
181.4,0.0,5.123963979403259,169.6,2.151762203259462,1055.6,777.8,2.70805020110221,21.6,0.6600816857848296,1833.3999999999999,348.4,0.0,0.39159205323991697,5.262342135476464
181.4,0.0,5.123963979403259,169.6,2.151762203259462,1055.6,777.8,3.367295829986474,27.77,0.6600816857848296,1833.3999999999999,348.4,0.0,0.39159205323991697,5.262342135476464
181.4,0.0,5.123963979403259,169.6,2.151762203259462,1055.6,777.8,4.04305126783455,35.57,0.6600816857848296,1833.3999999999999,348.4,0.0,0.39159205323991697,5.262342135476464
181.4,0.0,5.123963979403259,169.6,2.151762203259462,1055.6,777.8,4.61512051684126,45.37,0.6600816857848296,1833.3999999999999,348.4,0.0,0.39159205323991697,5.262342135476464
182.0,3.832979798087693,4.812184355372417,170.2,2.2192034840549946,1059.4,780.7,1.3862943611198906,7.32,0.6601925089853105,1840.1000000000001,349.2,0.12172079876303322,0.2996378083719298,5.269473081328752
182.0,3.832979798087693,4.812184355372417,170.2,2.2192034840549946,1059.4,780.7,2.70805020110221,21.5,0.6601925089853105,1840.1000000000001,349.2,0.12172079876303322,0.2996378083719298,5.269473081328752
182.0,3.832979798087693,4.812184355372417,170.2,2.2192034840549946,1059.4,780.7,3.367295829986474,31.27,0.6601925089853105,1840.1000000000001,349.2,0.12172079876303322,0.2996378083719298,5.269473081328752
182.0,3.832979798087693,4.812184355372417,170.2,2.2192034840549946,1059.4,780.7,4.04305126783455,43.5,0.6601925089853105,1840.1000000000001,349.2,0.12172079876303322,0.2996378083719298,5.269473081328752
182.0,3.832979798087693,4.812184355372417,170.2,2.2192034840549946,1059.4,780.7,4.61512051684126,48.67,0.6601925089853105,1840.1000000000001,349.2,0.12172079876303322,0.2996378083719298,5.269473081328752
168.9,3.765840495250065,4.8307108619020225,158.3,2.468099531471619,1080.8,796.2,1.3862943611198906,7.4,0.6612647809148376,1877.0,335.40000000000003,0.11851158488223712,0.31525025342307383,5.596302921884317
168.9,3.765840495250065,4.8307108619020225,158.3,2.468099531471619,1080.8,796.2,2.70805020110221,23.51,0.6612647809148376,1877.0,335.40000000000003,0.11851158488223712,0.31525025342307383,5.596302921884317
168.9,3.765840495250065,4.8307108619020225,158.3,2.468099531471619,1080.8,796.2,3.367295829986474,31.12,0.6612647809148376,1877.0,335.40000000000003,0.11851158488223712,0.31525025342307383,5.596302921884317
168.9,3.765840495250065,4.8307108619020225,158.3,2.468099531471619,1080.8,796.2,4.04305126783455,39.15,0.6612647809148376,1877.0,335.40000000000003,0.11851158488223712,0.31525025342307383,5.596302921884317
168.9,3.765840495250065,4.8307108619020225,158.3,2.468099531471619,1080.8,796.2,4.61512051684126,48.15,0.6612647809148376,1877.0,335.40000000000003,0.11851158488223712,0.31525025342307383,5.596302921884317
290.4,0.0,4.576770711466393,168.1,2.341805806147327,961.2,865.0,1.3862943611198906,22.5,0.45670100874587855,1826.2,386.59999999999997,0.0,0.22221192244914595,4.723745473357476
290.4,0.0,4.576770711466393,168.1,2.341805806147327,961.2,865.0,2.70805020110221,34.67,0.45670100874587855,1826.2,386.59999999999997,0.0,0.22221192244914595,4.723745473357476
290.4,0.0,4.576770711466393,168.1,2.341805806147327,961.2,865.0,3.367295829986474,34.74,0.45670100874587855,1826.2,386.59999999999997,0.0,0.22221192244914595,4.723745473357476
290.4,0.0,4.576770711466393,168.1,2.341805806147327,961.2,865.0,4.04305126783455,45.08,0.45670100874587855,1826.2,386.59999999999997,0.0,0.22221192244914595,4.723745473357476
290.4,0.0,4.576770711466393,168.1,2.341805806147327,961.2,865.0,4.61512051684126,48.97,0.45670100874587855,1826.2,386.59999999999997,0.0,0.22221192244914595,4.723745473357476
277.1,0.0,4.589040804058207,160.6,2.5494451709255714,973.9,875.6,1.3862943611198906,23.14,0.4571552923279169,1849.5,374.5,0.0,0.23117529577506768,4.938584779706275
277.1,0.0,4.589040804058207,160.6,2.5494451709255714,973.9,875.6,2.70805020110221,41.89,0.4571552923279169,1849.5,374.5,0.0,0.23117529577506768,4.938584779706275
277.1,0.0,4.589040804058207,160.6,2.5494451709255714,973.9,875.6,3.367295829986474,48.28,0.4571552923279169,1849.5,374.5,0.0,0.23117529577506768,4.938584779706275
277.1,0.0,4.589040804058207,160.6,2.5494451709255714,973.9,875.6,4.04305126783455,51.04,0.4571552923279169,1849.5,374.5,0.0,0.23117529577506768,4.938584779706275
277.1,0.0,4.589040804058207,160.6,2.5494451709255714,973.9,875.6,4.61512051684126,55.64,0.4571552923279169,1849.5,374.5,0.0,0.23117529577506768,4.938584779706275
295.7,0.0,4.570578741218473,171.5,2.2925347571405443,955.1,859.2,1.3862943611198906,22.95,0.4574120046555858,1814.3000000000002,391.29999999999995,0.0,0.21858423397228846,4.636595962177359
295.7,0.0,4.570578741218473,171.5,2.2925347571405443,955.1,859.2,2.70805020110221,35.23,0.4574120046555858,1814.3000000000002,391.29999999999995,0.0,0.21858423397228846,4.636595962177359
295.7,0.0,4.570578741218473,171.5,2.2925347571405443,955.1,859.2,3.367295829986474,39.94,0.4574120046555858,1814.3000000000002,391.29999999999995,0.0,0.21858423397228846,4.636595962177359
295.7,0.0,4.570578741218473,171.5,2.2925347571405443,955.1,859.2,4.04305126783455,48.72,0.4574120046555858,1814.3000000000002,391.29999999999995,0.0,0.21858423397228846,4.636595962177359
295.7,0.0,4.570578741218473,171.5,2.2925347571405443,955.1,859.2,4.61512051684126,52.04,0.4574120046555858,1814.3000000000002,391.29999999999995,0.0,0.21858423397228846,4.636595962177359
251.8,0.0,4.6141299273595635,146.1,2.5952547069568657,1006.0,899.8,1.3862943611198906,21.02,0.4575655958226361,1905.8,351.70000000000005,0.0,0.2500182927955702,5.418822860392379
251.8,0.0,4.6141299273595635,146.1,2.5952547069568657,1006.0,899.8,2.70805020110221,33.36,0.4575655958226361,1905.8,351.70000000000005,0.0,0.2500182927955702,5.418822860392379
251.8,0.0,4.6141299273595635,146.1,2.5952547069568657,1006.0,899.8,3.367295829986474,33.94,0.4575655958226361,1905.8,351.70000000000005,0.0,0.2500182927955702,5.418822860392379
251.8,0.0,4.6141299273595635,146.1,2.5952547069568657,1006.0,899.8,4.04305126783455,44.14,0.4575655958226361,1905.8,351.70000000000005,0.0,0.2500182927955702,5.418822860392379
251.8,0.0,4.6141299273595635,146.1,2.5952547069568657,1006.0,899.8,4.61512051684126,45.37,0.4575655958226361,1905.8,351.70000000000005,0.0,0.2500182927955702,5.418822860392379
249.1,0.0,4.603168183317418,158.1,2.624668592163159,987.8,889.0,1.3862943611198906,15.36,0.4914500429681783,1876.8,347.9,0.0,0.24997214620017666,5.394653636102328
249.1,0.0,4.603168183317418,158.1,2.624668592163159,987.8,889.0,2.70805020110221,28.68,0.4914500429681783,1876.8,347.9,0.0,0.24997214620017666,5.394653636102328
249.1,0.0,4.603168183317418,158.1,2.624668592163159,987.8,889.0,3.367295829986474,30.85,0.4914500429681783,1876.8,347.9,0.0,0.24997214620017666,5.394653636102328
249.1,0.0,4.603168183317418,158.1,2.624668592163159,987.8,889.0,4.04305126783455,42.03,0.4914500429681783,1876.8,347.9,0.0,0.24997214620017666,5.394653636102328
249.1,0.0,4.603168183317418,158.1,2.624668592163159,987.8,889.0,4.61512051684126,51.06,0.4914500429681783,1876.8,347.9,0.0,0.24997214620017666,5.394653636102328
252.3,0.0,4.603168183317418,146.3,2.7212954278522306,987.8,889.0,1.3862943611198906,21.78,0.45733955213168226,1876.8,351.1,0.0,0.24795425267274002,5.345485616633438
252.3,0.0,4.603168183317418,146.3,2.7212954278522306,987.8,889.0,2.70805020110221,42.29,0.45733955213168226,1876.8,351.1,0.0,0.24795425267274002,5.345485616633438
252.3,0.0,4.603168183317418,146.3,2.7212954278522306,987.8,889.0,3.367295829986474,50.6,0.45733955213168226,1876.8,351.1,0.0,0.24795425267274002,5.345485616633438
252.3,0.0,4.603168183317418,146.3,2.7212954278522306,987.8,889.0,4.04305126783455,55.83,0.45733955213168226,1876.8,351.1,0.0,0.24795425267274002,5.345485616633438
252.3,0.0,4.603168183317418,146.3,2.7212954278522306,987.8,889.0,4.61512051684126,60.95,0.45733955213168226,1876.8,351.1,0.0,0.24795425267274002,5.345485616633438
246.8,0.0,4.837075242970874,143.3,2.5649493574615367,1086.8,800.9,1.3862943611198906,23.52,0.45782482448137807,1887.6999999999998,371.9,0.0,0.28996502516560435,5.075826835170744
246.8,0.0,4.837075242970874,143.3,2.5649493574615367,1086.8,800.9,2.70805020110221,42.22,0.45782482448137807,1887.6999999999998,371.9,0.0,0.28996502516560435,5.075826835170744
246.8,0.0,4.837075242970874,143.3,2.5649493574615367,1086.8,800.9,3.367295829986474,52.5,0.45782482448137807,1887.6999999999998,371.9,0.0,0.28996502516560435,5.075826835170744
246.8,0.0,4.837075242970874,143.3,2.5649493574615367,1086.8,800.9,4.04305126783455,60.32,0.45782482448137807,1887.6999999999998,371.9,0.0,0.28996502516560435,5.075826835170744
246.8,0.0,4.837075242970874,143.3,2.5649493574615367,1086.8,800.9,4.61512051684126,66.42,0.45782482448137807,1887.6999999999998,371.9,0.0,0.28996502516560435,5.075826835170744
275.1,0.0,4.807294370078226,159.5,2.388762789235098,1053.6,777.5,1.3862943611198906,23.8,0.4572913998918004,1831.1,396.5,0.0,0.2671061323549431,4.6181588902900375
275.1,0.0,4.807294370078226,159.5,2.388762789235098,1053.6,777.5,2.70805020110221,38.77,0.4572913998918004,1831.1,396.5,0.0,0.2671061323549431,4.6181588902900375
275.1,0.0,4.807294370078226,159.5,2.388762789235098,1053.6,777.5,3.367295829986474,51.33,0.4572913998918004,1831.1,396.5,0.0,0.2671061323549431,4.6181588902900375
275.1,0.0,4.807294370078226,159.5,2.388762789235098,1053.6,777.5,4.04305126783455,56.85,0.4572913998918004,1831.1,396.5,0.0,0.2671061323549431,4.6181588902900375
275.1,0.0,4.807294370078226,159.5,2.388762789235098,1053.6,777.5,4.61512051684126,58.61,0.4572913998918004,1831.1,396.5,0.0,0.2671061323549431,4.6181588902900375
297.2,0.0,4.774912960575186,174.8,2.3513752571634776,1022.8,753.5,1.3862943611198906,21.91,0.4625736727419513,1776.3,414.7,0.0,0.2494639912912532,4.28333735230287
297.2,0.0,4.774912960575186,174.8,2.3513752571634776,1022.8,753.5,2.70805020110221,36.99,0.4625736727419513,1776.3,414.7,0.0,0.2494639912912532,4.28333735230287
297.2,0.0,4.774912960575186,174.8,2.3513752571634776,1022.8,753.5,3.367295829986474,47.4,0.4625736727419513,1776.3,414.7,0.0,0.2494639912912532,4.28333735230287
297.2,0.0,4.774912960575186,174.8,2.3513752571634776,1022.8,753.5,4.04305126783455,51.96,0.4625736727419513,1776.3,414.7,0.0,0.2494639912912532,4.28333735230287
297.2,0.0,4.774912960575186,174.8,2.3513752571634776,1022.8,753.5,4.61512051684126,56.74,0.4625736727419513,1776.3,414.7,0.0,0.2494639912912532,4.28333735230287
213.7,0.0,5.168777995193051,154.8,2.4159137783010487,1053.5,776.4,1.3862943611198906,17.57,0.5448675493042895,1829.9,388.4,0.0,0.37142149584340295,4.711380020597323
213.7,0.0,5.168777995193051,154.8,2.4159137783010487,1053.5,776.4,2.70805020110221,33.73,0.5448675493042895,1829.9,388.4,0.0,0.37142149584340295,4.711380020597323
213.7,0.0,5.168777995193051,154.8,2.4159137783010487,1053.5,776.4,3.367295829986474,40.15,0.5448675493042895,1829.9,388.4,0.0,0.37142149584340295,4.711380020597323
213.7,0.0,5.168777995193051,154.8,2.4159137783010487,1053.5,776.4,4.04305126783455,46.64,0.5448675493042895,1829.9,388.4,0.0,0.37142149584340295,4.711380020597323
213.7,0.0,5.168777995193051,154.8,2.4159137783010487,1053.5,776.4,4.61512051684126,50.08,0.5448675493042895,1829.9,388.4,0.0,0.37142149584340295,4.711380020597323
213.5,0.0,5.165928178502291,154.6,2.5416019934645457,1052.3,775.5,1.3862943611198906,17.37,0.5447178077162962,1827.8,387.7,0.0,0.37109205344126905,4.714469950993036
213.5,0.0,5.165928178502291,154.6,2.5416019934645457,1052.3,775.5,2.70805020110221,33.7,0.5447178077162962,1827.8,387.7,0.0,0.37109205344126905,4.714469950993036
213.5,0.0,5.165928178502291,154.6,2.5416019934645457,1052.3,775.5,3.367295829986474,45.94,0.5447178077162962,1827.8,387.7,0.0,0.37109205344126905,4.714469950993036
213.5,0.0,5.165928178502291,154.6,2.5416019934645457,1052.3,775.5,4.04305126783455,51.43,0.5447178077162962,1827.8,387.7,0.0,0.37109205344126905,4.714469950993036
213.5,0.0,5.165928178502291,154.6,2.5416019934645457,1052.3,775.5,4.61512051684126,59.3,0.5447178077162962,1827.8,387.7,0.0,0.37109205344126905,4.714469950993036
277.2,4.593097604753822,3.2386784521643803,160.7,2.501435951739211,1061.7,782.5,1.3862943611198906,30.45,0.4572513064916045,1844.2,399.5,0.2189797005143635,0.0595196900256284,4.616270337922403
277.2,4.593097604753822,3.2386784521643803,160.7,2.501435951739211,1061.7,782.5,2.70805020110221,47.71,0.4572513064916045,1844.2,399.5,0.2189797005143635,0.0595196900256284,4.616270337922403
277.2,4.593097604753822,3.2386784521643803,160.7,2.501435951739211,1061.7,782.5,3.367295829986474,63.14,0.4572513064916045,1844.2,399.5,0.2189797005143635,0.0595196900256284,4.616270337922403
277.2,4.593097604753822,3.2386784521643803,160.7,2.501435951739211,1061.7,782.5,4.04305126783455,66.82,0.4572513064916045,1844.2,399.5,0.2189797005143635,0.0595196900256284,4.616270337922403
277.2,4.593097604753822,3.2386784521643803,160.7,2.501435951739211,1061.7,782.5,4.61512051684126,66.95,0.4572513064916045,1844.2,399.5,0.2189797005143635,0.0595196900256284,4.616270337922403
218.2,4.018183201256536,4.826712455935327,140.8,2.5572273113676265,1075.7,792.7,1.3862943611198906,27.42,0.49791031508930844,1868.4,396.6,0.12898248409815352,0.27166953055265464,4.711043872919818
218.2,4.018183201256536,4.826712455935327,140.8,2.5572273113676265,1075.7,792.7,2.70805020110221,35.96,0.49791031508930844,1868.4,396.6,0.12898248409815352,0.27166953055265464,4.711043872919818
218.2,4.018183201256536,4.826712455935327,140.8,2.5572273113676265,1075.7,792.7,3.367295829986474,55.51,0.49791031508930844,1868.4,396.6,0.12898248409815352,0.27166953055265464,4.711043872919818
218.2,4.018183201256536,4.826712455935327,140.8,2.5572273113676265,1075.7,792.7,4.04305126783455,61.99,0.49791031508930844,1868.4,396.6,0.12898248409815352,0.27166953055265464,4.711043872919818
218.2,4.018183201256536,4.826712455935327,140.8,2.5572273113676265,1075.7,792.7,4.61512051684126,63.53,0.49791031508930844,1868.4,396.6,0.12898248409815352,0.27166953055265464,4.711043872919818
214.9,4.00369019395397,4.811371016571989,155.6,2.3608540011180215,1014.3,780.6,1.3862943611198906,18.02,0.5446806410876768,1794.9,390.6,0.12904103932289634,0.27161669256998466,4.595238095238095
214.9,4.00369019395397,4.811371016571989,155.6,2.3608540011180215,1014.3,780.6,2.70805020110221,38.6,0.5446806410876768,1794.9,390.6,0.12904103932289634,0.27161669256998466,4.595238095238095
214.9,4.00369019395397,4.811371016571989,155.6,2.3608540011180215,1014.3,780.6,3.367295829986474,52.2,0.5446806410876768,1794.9,390.6,0.12904103932289634,0.27161669256998466,4.595238095238095
214.9,4.00369019395397,4.811371016571989,155.6,2.3608540011180215,1014.3,780.6,4.04305126783455,53.96,0.5446806410876768,1794.9,390.6,0.12904103932289634,0.27161669256998466,4.595238095238095
214.9,4.00369019395397,4.811371016571989,155.6,2.3608540011180215,1014.3,780.6,4.61512051684126,56.63,0.5446806410876768,1794.9,390.6,0.12904103932289634,0.27161669256998466,4.595238095238095
218.9,0.0,4.829113417472866,158.5,2.509599262378372,1078.7,794.9,1.3862943611198906,15.34,0.5446906284056325,1873.6,343.0,0.0,0.3088129203421224,5.462390670553936
218.9,0.0,4.829113417472866,158.5,2.509599262378372,1078.7,794.9,2.70805020110221,26.05,0.5446906284056325,1873.6,343.0,0.0,0.3088129203421224,5.462390670553936
218.9,0.0,4.829113417472866,158.5,2.509599262378372,1078.7,794.9,3.367295829986474,30.22,0.5446906284056325,1873.6,343.0,0.0,0.3088129203421224,5.462390670553936
218.9,0.0,4.829113417472866,158.5,2.509599262378372,1078.7,794.9,4.04305126783455,37.27,0.5446906284056325,1873.6,343.0,0.0,0.3088129203421224,5.462390670553936
218.9,0.0,4.829113417472866,158.5,2.509599262378372,1078.7,794.9,4.61512051684126,46.23,0.5446906284056325,1873.6,343.0,0.0,0.3088129203421224,5.462390670553936
376.0,0.0,0.0,214.6,0.0,1003.5,762.4,1.3862943611198906,16.28,0.45154982591992776,1765.9,376.0,0.0,0.0,4.69654255319149
376.0,0.0,0.0,214.6,0.0,1003.5,762.4,2.70805020110221,25.62,0.45154982591992776,1765.9,376.0,0.0,0.0,4.69654255319149
376.0,0.0,0.0,214.6,0.0,1003.5,762.4,3.367295829986474,31.97,0.45154982591992776,1765.9,376.0,0.0,0.0,4.69654255319149
376.0,0.0,0.0,214.6,0.0,1003.5,762.4,4.04305126783455,36.3,0.45154982591992776,1765.9,376.0,0.0,0.0,4.69654255319149
376.0,0.0,0.0,214.6,0.0,1003.5,762.4,4.61512051684126,43.06,0.45154982591992776,1765.9,376.0,0.0,0.0,4.69654255319149
500.0,0.0,0.0,140.0,1.6094379124341003,966.0,853.0,3.367295829986474,67.57,0.2468600779315258,1819.0,500.0,0.0,0.0,3.638
475.0,0.0,4.0943445622221,142.0,1.0647107369924282,1098.0,641.0,3.367295829986474,57.23,0.2615542198707466,1739.0,534.0,0.0,0.10479856003753063,3.256554307116105
315.0,4.927253685157205,0.0,145.0,1.9315214116032138,1130.0,745.0,3.367295829986474,81.75,0.3786538506575076,1875.0,452.0,0.26474400381935553,0.0,4.148230088495575
505.0,0.0,4.110873864173311,195.0,0.0,1030.0,630.0,3.367295829986474,64.02,0.32652190576804485,1660.0,565.0,0.0,0.10092591858996056,2.938053097345133
451.0,0.0,0.0,165.0,2.509599262378372,1030.0,745.0,3.367295829986474,78.8,0.3117796240308414,1775.0,451.0,0.0,0.0,3.9356984478935697
516.0,0.0,0.0,162.0,2.2192034840549946,801.0,802.0,3.367295829986474,41.37,0.2730405224588328,1603.0,516.0,0.0,0.0,3.106589147286822
520.0,0.0,0.0,170.0,1.824549292051046,855.0,855.0,3.367295829986474,60.28,0.28286278601583204,1710.0,520.0,0.0,0.0,3.2884615384615383
528.0,0.0,0.0,185.0,2.066862759472976,920.0,720.0,3.367295829986474,56.83,0.3003851367080345,1640.0,528.0,0.0,0.0,3.106060606060606
520.0,0.0,0.0,175.0,1.824549292051046,870.0,805.0,3.367295829986474,51.02,0.2900830339893191,1675.0,520.0,0.0,0.0,3.2211538461538463
385.0,0.0,4.919980925828125,158.0,3.044522437723423,903.0,768.0,3.367295829986474,55.55,0.34386598564615123,1671.0,521.0,0.0,0.23193397673124358,3.2072936660268714
500.1,0.0,0.0,200.0,1.3862943611198906,1124.4,613.2,3.367295829986474,44.13,0.33641510355829385,1737.6000000000001,500.1,0.0,0.0,3.474505098980204
450.1,3.9318256327243257,0.0,200.0,1.3862943611198906,1124.4,613.2,3.367295829986474,39.38,0.36765641691153605,1737.6000000000001,500.1,0.09529200145655438,0.0,3.474505098980204
397.0,2.9014215940827497,5.0689042022202315,167.0,3.0819099697950434,967.0,633.0,3.367295829986474,55.65,0.3511179708108685,1600.0,572.2,0.02961648968758446,0.24382988860552662,2.7962250961202373
333.0,2.917770732084279,5.099866427824199,167.0,2.9391619220655967,996.0,652.0,3.367295829986474,47.28,0.4064656084417479,1648.0,513.5,0.03351199187332591,0.2756824182422298,3.2093476144109054
334.0,2.9231615807191558,5.0689042022202315,189.0,2.791165107812717,967.0,633.0,3.367295829986474,44.33,0.44844047108822244,1600.0,509.6,0.03395387893034388,0.2700630875297264,3.139717425431711
405.0,0.0,0.0,175.0,0.0,1120.0,695.0,3.367295829986474,52.3,0.35914103643392586,1815.0,405.0,0.0,0.0,4.481481481481482
200.0,5.303304908059076,0.0,190.0,0.0,1145.0,660.0,3.367295829986474,49.25,0.6678293725756554,1805.0,400.0,0.4054651081081644,0.0,4.5125
516.0,0.0,0.0,162.0,2.2300144001592104,801.0,802.0,3.367295829986474,41.37,0.2730405224588328,1603.0,516.0,0.0,0.0,3.106589147286822
145.0,4.762173934797756,4.787491742782046,184.0,1.9021075263969205,833.0,880.0,3.367295829986474,29.16,0.8193240083447976,1713.0,380.0,0.266404674004496,0.27243484303108717,4.507894736842105
160.0,4.859812404361672,4.812184355372417,182.0,2.0014800002101243,824.0,879.0,3.367295829986474,39.4,0.7596369218287782,1703.0,410.0,0.27170140046343094,0.2604863296432909,4.1536585365853655
234.0,5.056245805348308,0.0,189.0,1.9315214116032138,981.0,760.0,3.367295829986474,39.3,0.5920510636885765,1741.0,390.0,0.33647223662121295,0.0,4.464102564102564
250.0,5.198497031265826,4.564348191467836,159.0,2.3513752571634776,860.0,800.0,3.367295829986474,67.87,0.4922542381805553,1660.0,525.0,0.2947995402206449,0.1663212154475135,3.1619047619047618
475.0,0.0,0.0,162.0,2.3513752571634776,1044.0,662.0,3.367295829986474,58.52,0.2934548515375221,1706.0,475.0,0.0,0.0,3.591578947368421
285.0,5.25227342804663,0.0,163.0,2.151762203259462,1031.0,685.0,3.367295829986474,53.58,0.4523040521463346,1716.0,475.0,0.33647223662121295,0.0,3.6126315789473686
356.0,4.787491742782046,0.0,160.0,2.302585092994046,1061.0,657.0,3.367295829986474,59.0,0.37117603462953225,1718.0,475.0,0.22356451532800373,0.0,3.616842105263158
275.0,5.198497031265826,4.795790545596741,162.0,2.4336133554004498,830.0,765.0,3.367295829986474,76.24,0.46316209742901887,1595.0,575.0,0.2723477084516743,0.18954180476744167,2.773913043478261
500.0,0.0,0.0,151.0,2.302585092994046,1033.0,655.0,3.367295829986474,69.84,0.2639015437863775,1688.0,500.0,0.0,0.0,3.376
165.0,0.0,4.973971309724664,163.8,0.0,1005.6,900.9,1.3862943611198906,14.4,0.6895041892814443,1906.5,308.6,0.0,0.38207861991480896,6.177900194426441
165.0,4.863680881139593,4.891100725401066,175.1,2.2082744135228043,1005.8,746.6,1.3862943611198906,19.42,0.7232942181125692,1752.4,425.6,0.26384523784586933,0.2703212453680734,4.117481203007519
178.0,4.873669439023098,4.784152841516532,179.9,1.5260563034950492,1007.3,746.8,1.3862943611198906,20.73,0.698470067479895,1754.1,426.4,0.2657500689482297,0.2454079218116093,4.113742964352721
167.4,4.874433672915854,4.864452783918174,175.5,2.174751721484161,1006.3,746.6,1.3862943611198906,14.94,0.7170527014134997,1752.9,425.9,0.26620394037923556,0.2638622298612539,4.11575487203569
172.4,2.681021528714291,5.155601064346442,156.8,1.62924053973028,1006.3,856.4,1.3862943611198906,21.29,0.646848110573322,1862.6999999999998,358.4,0.03724417317237115,0.392735621357277,5.197265625
173.5,3.933784497209659,5.161924741642482,164.8,2.0149030205422647,1006.2,793.5,1.3862943611198906,23.08,0.667755476399749,1799.7,397.1,0.11881778370368361,0.3625003006421938,4.53210778141526
167.0,4.335982696172475,5.123963979403259,164.0,2.186051276738094,1007.3,770.1,1.3862943611198906,15.52,0.6841245629603078,1777.4,409.4,0.16904376152791556,0.3421091908981779,4.341475329750855
173.8,4.547541073151455,5.080783053998338,172.3,2.3702437414678603,1007.2,746.6,1.3862943611198906,15.82,0.6888225378100068,1753.8000000000002,427.1,0.19777171020760279,0.31800664198067563,4.106298290798408
190.3,0.0,4.837867950107113,166.6,2.388762789235098,1079.0,798.9,1.3862943611198906,12.55,0.6288538561940108,1877.9,315.5,0.0,0.3342056898666735,5.952139461172742
250.0,0.0,4.571613402459248,191.8,1.840549633397487,948.9,857.2,1.3862943611198906,8.49,0.5693963731237704,1806.1,345.7,0.0,0.2443801468950572,5.224472085623373
213.5,0.0,5.165928178502291,159.2,2.5416019934645457,1043.6,771.9,1.3862943611198906,15.61,0.5571369738165334,1815.5,387.7,0.0,0.37109205344126905,4.682744389992262
194.7,0.0,4.620058798481842,170.2,2.1400661634962708,998.0,901.8,1.3862943611198906,12.18,0.628163431064248,1899.8,295.2,0.0,0.29300325566506114,6.435636856368564
251.4,0.0,4.78164132910387,192.9,1.916922612182061,1043.6,754.3,1.3862943611198906,11.98,0.5694547137857158,1797.8999999999999,369.7,0.0,0.27762353991056093,4.863132269407628
165.0,0.0,4.973971309724664,163.8,0.0,1005.6,900.9,2.70805020110221,16.88,0.6895041892814443,1906.5,308.6,0.0,0.38207861991480896,6.177900194426441
165.0,4.863680881139593,4.891100725401066,175.1,2.2082744135228043,1005.8,746.6,2.70805020110221,33.09,0.7232942181125692,1752.4,425.6,0.26384523784586933,0.2703212453680734,4.117481203007519
178.0,4.873669439023098,4.784152841516532,179.9,1.5260563034950492,1007.3,746.8,2.70805020110221,34.24,0.698470067479895,1754.1,426.4,0.2657500689482297,0.2454079218116093,4.113742964352721
167.4,4.874433672915854,4.864452783918174,175.5,2.174751721484161,1006.3,746.6,2.70805020110221,31.81,0.7170527014134997,1752.9,425.9,0.26620394037923556,0.2638622298612539,4.11575487203569
172.4,2.681021528714291,5.155601064346442,156.8,1.62924053973028,1006.3,856.4,2.70805020110221,29.75,0.646848110573322,1862.6999999999998,358.4,0.03724417317237115,0.392735621357277,5.197265625
173.5,3.933784497209659,5.161924741642482,164.8,2.0149030205422647,1006.2,793.5,2.70805020110221,33.01,0.667755476399749,1799.7,397.1,0.11881778370368361,0.3625003006421938,4.53210778141526
167.0,4.335982696172475,5.123963979403259,164.0,2.186051276738094,1007.3,770.1,2.70805020110221,32.9,0.6841245629603078,1777.4,409.4,0.16904376152791556,0.3421091908981779,4.341475329750855
173.8,4.547541073151455,5.080783053998338,172.3,2.3702437414678603,1007.2,746.6,2.70805020110221,29.55,0.6888225378100068,1753.8000000000002,427.1,0.19777171020760279,0.31800664198067563,4.106298290798408
190.3,0.0,4.837867950107113,166.6,2.388762789235098,1079.0,798.9,2.70805020110221,19.42,0.6288538561940108,1877.9,315.5,0.0,0.3342056898666735,5.952139461172742
250.0,0.0,4.571613402459248,191.8,1.840549633397487,948.9,857.2,2.70805020110221,24.66,0.5693963731237704,1806.1,345.7,0.0,0.2443801468950572,5.224472085623373
213.5,0.0,5.165928178502291,159.2,2.5416019934645457,1043.6,771.9,2.70805020110221,29.59,0.5571369738165334,1815.5,387.7,0.0,0.37109205344126905,4.682744389992262
194.7,0.0,4.620058798481842,170.2,2.1400661634962708,998.0,901.8,2.70805020110221,24.28,0.628163431064248,1899.8,295.2,0.0,0.29300325566506114,6.435636856368564
251.4,0.0,4.78164132910387,192.9,1.916922612182061,1043.6,754.3,2.70805020110221,20.73,0.5694547137857158,1797.8999999999999,369.7,0.0,0.27762353991056093,4.863132269407628
165.0,0.0,4.973971309724664,163.8,0.0,1005.6,900.9,3.367295829986474,26.2,0.6895041892814443,1906.5,308.6,0.0,0.38207861991480896,6.177900194426441
165.0,4.863680881139593,4.891100725401066,175.1,2.2082744135228043,1005.8,746.6,3.367295829986474,46.39,0.7232942181125692,1752.4,425.6,0.26384523784586933,0.2703212453680734,4.117481203007519
178.0,4.873669439023098,4.784152841516532,179.9,1.5260563034950492,1007.3,746.8,3.367295829986474,39.16,0.698470067479895,1754.1,426.4,0.2657500689482297,0.2454079218116093,4.113742964352721
167.4,4.874433672915854,4.864452783918174,175.5,2.174751721484161,1006.3,746.6,3.367295829986474,41.2,0.7170527014134997,1752.9,425.9,0.26620394037923556,0.2638622298612539,4.11575487203569
172.4,2.681021528714291,5.155601064346442,156.8,1.62924053973028,1006.3,856.4,3.367295829986474,33.69,0.646848110573322,1862.6999999999998,358.4,0.03724417317237115,0.392735621357277,5.197265625
173.5,3.933784497209659,5.161924741642482,164.8,2.0149030205422647,1006.2,793.5,3.367295829986474,38.2,0.667755476399749,1799.7,397.1,0.11881778370368361,0.3625003006421938,4.53210778141526
167.0,4.335982696172475,5.123963979403259,164.0,2.186051276738094,1007.3,770.1,3.367295829986474,41.41,0.6841245629603078,1777.4,409.4,0.16904376152791556,0.3421091908981779,4.341475329750855
173.8,4.547541073151455,5.080783053998338,172.3,2.3702437414678603,1007.2,746.6,3.367295829986474,37.81,0.6888225378100068,1753.8000000000002,427.1,0.19777171020760279,0.31800664198067563,4.106298290798408
190.3,0.0,4.837867950107113,166.6,2.388762789235098,1079.0,798.9,3.367295829986474,24.85,0.6288538561940108,1877.9,315.5,0.0,0.3342056898666735,5.952139461172742
250.0,0.0,4.571613402459248,191.8,1.840549633397487,948.9,857.2,3.367295829986474,27.22,0.5693963731237704,1806.1,345.7,0.0,0.2443801468950572,5.224472085623373
213.5,0.0,5.165928178502291,159.2,2.5416019934645457,1043.6,771.9,3.367295829986474,44.64,0.5571369738165334,1815.5,387.7,0.0,0.37109205344126905,4.682744389992262
194.7,0.0,4.620058798481842,170.2,2.1400661634962708,998.0,901.8,3.367295829986474,37.27,0.628163431064248,1899.8,295.2,0.0,0.29300325566506114,6.435636856368564
251.4,0.0,4.78164132910387,192.9,1.916922612182061,1043.6,754.3,3.367295829986474,33.27,0.5694547137857158,1797.8999999999999,369.7,0.0,0.27762353991056093,4.863132269407628
165.0,0.0,4.973971309724664,163.8,0.0,1005.6,900.9,4.04305126783455,36.56,0.6895041892814443,1906.5,308.6,0.0,0.38207861991480896,6.177900194426441
165.0,4.863680881139593,4.891100725401066,175.1,2.2082744135228043,1005.8,746.6,4.04305126783455,53.72,0.7232942181125692,1752.4,425.6,0.26384523784586933,0.2703212453680734,4.117481203007519
178.0,4.873669439023098,4.784152841516532,179.9,1.5260563034950492,1007.3,746.8,4.04305126783455,48.59,0.698470067479895,1754.1,426.4,0.2657500689482297,0.2454079218116093,4.113742964352721
167.4,4.874433672915854,4.864452783918174,175.5,2.174751721484161,1006.3,746.6,4.04305126783455,51.72,0.7170527014134997,1752.9,425.9,0.26620394037923556,0.2638622298612539,4.11575487203569
172.4,2.681021528714291,5.155601064346442,156.8,1.62924053973028,1006.3,856.4,4.04305126783455,35.85,0.646848110573322,1862.6999999999998,358.4,0.03724417317237115,0.392735621357277,5.197265625
173.5,3.933784497209659,5.161924741642482,164.8,2.0149030205422647,1006.2,793.5,4.04305126783455,53.77,0.667755476399749,1799.7,397.1,0.11881778370368361,0.3625003006421938,4.53210778141526
167.0,4.335982696172475,5.123963979403259,164.0,2.186051276738094,1007.3,770.1,4.04305126783455,53.46,0.6841245629603078,1777.4,409.4,0.16904376152791556,0.3421091908981779,4.341475329750855
173.8,4.547541073151455,5.080783053998338,172.3,2.3702437414678603,1007.2,746.6,4.04305126783455,48.99,0.6888225378100068,1753.8000000000002,427.1,0.19777171020760279,0.31800664198067563,4.106298290798408
190.3,0.0,4.837867950107113,166.6,2.388762789235098,1079.0,798.9,4.04305126783455,31.72,0.6288538561940108,1877.9,315.5,0.0,0.3342056898666735,5.952139461172742
250.0,0.0,4.571613402459248,191.8,1.840549633397487,948.9,857.2,4.04305126783455,39.64,0.5693963731237704,1806.1,345.7,0.0,0.2443801468950572,5.224472085623373
213.5,0.0,5.165928178502291,159.2,2.5416019934645457,1043.6,771.9,4.04305126783455,51.26,0.5571369738165334,1815.5,387.7,0.0,0.37109205344126905,4.682744389992262
194.7,0.0,4.620058798481842,170.2,2.1400661634962708,998.0,901.8,4.04305126783455,43.39,0.628163431064248,1899.8,295.2,0.0,0.29300325566506114,6.435636856368564
251.4,0.0,4.78164132910387,192.9,1.916922612182061,1043.6,754.3,4.04305126783455,39.27,0.5694547137857158,1797.8999999999999,369.7,0.0,0.27762353991056093,4.863132269407628
165.0,0.0,4.973971309724664,163.8,0.0,1005.6,900.9,4.61512051684126,37.96,0.6895041892814443,1906.5,308.6,0.0,0.38207861991480896,6.177900194426441
165.0,4.863680881139593,4.891100725401066,175.1,2.2082744135228043,1005.8,746.6,4.61512051684126,55.02,0.7232942181125692,1752.4,425.6,0.26384523784586933,0.2703212453680734,4.117481203007519
178.0,4.873669439023098,4.784152841516532,179.9,1.5260563034950492,1007.3,746.8,4.61512051684126,49.99,0.698470067479895,1754.1,426.4,0.2657500689482297,0.2454079218116093,4.113742964352721
167.4,4.874433672915854,4.864452783918174,175.5,2.174751721484161,1006.3,746.6,4.61512051684126,53.66,0.7170527014134997,1752.9,425.9,0.26620394037923556,0.2638622298612539,4.11575487203569
172.4,2.681021528714291,5.155601064346442,156.8,1.62924053973028,1006.3,856.4,4.61512051684126,37.68,0.646848110573322,1862.6999999999998,358.4,0.03724417317237115,0.392735621357277,5.197265625
173.5,3.933784497209659,5.161924741642482,164.8,2.0149030205422647,1006.2,793.5,4.61512051684126,56.06,0.667755476399749,1799.7,397.1,0.11881778370368361,0.3625003006421938,4.53210778141526
167.0,4.335982696172475,5.123963979403259,164.0,2.186051276738094,1007.3,770.1,4.61512051684126,56.81,0.6841245629603078,1777.4,409.4,0.16904376152791556,0.3421091908981779,4.341475329750855
173.8,4.547541073151455,5.080783053998338,172.3,2.3702437414678603,1007.2,746.6,4.61512051684126,50.94,0.6888225378100068,1753.8000000000002,427.1,0.19777171020760279,0.31800664198067563,4.106298290798408
190.3,0.0,4.837867950107113,166.6,2.388762789235098,1079.0,798.9,4.61512051684126,33.56,0.6288538561940108,1877.9,315.5,0.0,0.3342056898666735,5.952139461172742
250.0,0.0,4.571613402459248,191.8,1.840549633397487,948.9,857.2,4.61512051684126,41.16,0.5693963731237704,1806.1,345.7,0.0,0.2443801468950572,5.224472085623373
213.5,0.0,5.165928178502291,159.2,2.5416019934645457,1043.6,771.9,4.61512051684126,52.96,0.5571369738165334,1815.5,387.7,0.0,0.37109205344126905,4.682744389992262
194.7,0.0,4.620058798481842,170.2,2.1400661634962708,998.0,901.8,4.61512051684126,44.28,0.628163431064248,1899.8,295.2,0.0,0.29300325566506114,6.435636856368564
251.4,0.0,4.78164132910387,192.9,1.916922612182061,1043.6,754.3,4.61512051684126,40.15,0.5694547137857158,1797.8999999999999,369.7,0.0,0.27762353991056093,4.863132269407628
446.0,3.2188758248682006,4.382026634673881,162.0,2.533696813957432,967.0,712.0,3.367295829986474,57.03,0.30985592994610295,1679.0,549.0,0.04278727520520893,0.13444172495866805,3.058287795992714
446.0,3.2188758248682006,4.382026634673881,162.0,2.533696813957432,967.0,712.0,3.367295829986474,44.42,0.30985592994610295,1679.0,549.0,0.04278727520520893,0.13444172495866805,3.058287795992714
446.0,3.2188758248682006,4.382026634673881,162.0,2.533696813957432,967.0,712.0,3.367295829986474,51.02,0.30985592994610295,1679.0,549.0,0.04278727520520893,0.13444172495866805,3.058287795992714
446.0,3.2188758248682006,4.382026634673881,162.0,2.424802725718295,967.0,712.0,3.367295829986474,53.39,0.30985592994610295,1679.0,549.0,0.04278727520520893,0.13444172495866805,3.058287795992714
446.0,3.2188758248682006,4.382026634673881,162.0,2.533696813957432,967.0,712.0,1.3862943611198906,35.36,0.30985592994610295,1679.0,549.0,0.04278727520520893,0.13444172495866805,3.058287795992714
446.0,3.2188758248682006,4.382026634673881,162.0,2.533696813957432,967.0,712.0,1.3862943611198906,25.02,0.30985592994610295,1679.0,549.0,0.04278727520520893,0.13444172495866805,3.058287795992714
446.0,3.2188758248682006,4.382026634673881,162.0,2.533696813957432,967.0,712.0,1.3862943611198906,23.35,0.30985592994610295,1679.0,549.0,0.04278727520520893,0.13444172495866805,3.058287795992714
446.0,3.2188758248682006,4.382026634673881,162.0,2.533696813957432,967.0,712.0,2.0794415416798357,52.01,0.30985592994610295,1679.0,549.0,0.04278727520520893,0.13444172495866805,3.058287795992714
446.0,3.2188758248682006,4.382026634673881,162.0,2.533696813957432,967.0,712.0,2.0794415416798357,38.02,0.30985592994610295,1679.0,549.0,0.04278727520520893,0.13444172495866805,3.058287795992714
446.0,3.2188758248682006,4.382026634673881,162.0,2.533696813957432,967.0,712.0,2.0794415416798357,39.3,0.30985592994610295,1679.0,549.0,0.04278727520520893,0.13444172495866805,3.058287795992714
446.0,3.2188758248682006,4.382026634673881,162.0,2.533696813957432,967.0,712.0,4.04305126783455,61.07,0.30985592994610295,1679.0,549.0,0.04278727520520893,0.13444172495866805,3.058287795992714
446.0,3.2188758248682006,4.382026634673881,162.0,2.533696813957432,967.0,712.0,4.04305126783455,56.14,0.30985592994610295,1679.0,549.0,0.04278727520520893,0.13444172495866805,3.058287795992714
446.0,3.2188758248682006,4.382026634673881,162.0,2.533696813957432,967.0,712.0,4.04305126783455,55.25,0.30985592994610295,1679.0,549.0,0.04278727520520893,0.13444172495866805,3.058287795992714
446.0,3.2188758248682006,4.382026634673881,162.0,2.424802725718295,967.0,712.0,4.04305126783455,54.77,0.30985592994610295,1679.0,549.0,0.04278727520520893,0.13444172495866805,3.058287795992714
387.0,3.044522437723423,4.553876891600541,157.0,2.72785282839839,938.0,845.0,3.367295829986474,50.24,0.34052455382616087,1783.0,501.0,0.039143940668502124,0.17195530446076493,3.5588822355289422
387.0,3.044522437723423,4.553876891600541,157.0,2.7013612129514133,938.0,845.0,3.367295829986474,46.68,0.34052455382616087,1783.0,501.0,0.039143940668502124,0.17195530446076493,3.5588822355289422
387.0,3.044522437723423,4.553876891600541,157.0,2.533696813957432,938.0,845.0,3.367295829986474,46.68,0.34052455382616087,1783.0,501.0,0.039143940668502124,0.17195530446076493,3.5588822355289422
387.0,3.044522437723423,4.553876891600541,157.0,2.72785282839839,938.0,845.0,1.3862943611198906,22.75,0.34052455382616087,1783.0,501.0,0.039143940668502124,0.17195530446076493,3.5588822355289422
387.0,3.044522437723423,4.553876891600541,157.0,2.7013612129514133,938.0,845.0,1.3862943611198906,25.51,0.34052455382616087,1783.0,501.0,0.039143940668502124,0.17195530446076493,3.5588822355289422
387.0,3.044522437723423,4.553876891600541,157.0,2.533696813957432,938.0,845.0,1.3862943611198906,34.77,0.34052455382616087,1783.0,501.0,0.039143940668502124,0.17195530446076493,3.5588822355289422
387.0,3.044522437723423,4.553876891600541,157.0,2.72785282839839,938.0,845.0,2.0794415416798357,36.84,0.34052455382616087,1783.0,501.0,0.039143940668502124,0.17195530446076493,3.5588822355289422
387.0,3.044522437723423,4.553876891600541,157.0,2.7013612129514133,938.0,845.0,2.0794415416798357,45.9,0.34052455382616087,1783.0,501.0,0.039143940668502124,0.17195530446076493,3.5588822355289422
387.0,3.044522437723423,4.553876891600541,157.0,2.533696813957432,938.0,845.0,2.0794415416798357,41.67,0.34052455382616087,1783.0,501.0,0.039143940668502124,0.17195530446076493,3.5588822355289422
387.0,3.044522437723423,4.553876891600541,157.0,2.72785282839839,938.0,845.0,4.04305126783455,56.34,0.34052455382616087,1783.0,501.0,0.039143940668502124,0.17195530446076493,3.5588822355289422
387.0,3.044522437723423,4.553876891600541,157.0,2.7013612129514133,938.0,845.0,4.04305126783455,47.97,0.34052455382616087,1783.0,501.0,0.039143940668502124,0.17195530446076493,3.5588822355289422
387.0,3.044522437723423,4.553876891600541,157.0,2.533696813957432,938.0,845.0,4.04305126783455,61.46,0.34052455382616087,1783.0,501.0,0.039143940668502124,0.17195530446076493,3.5588822355289422
355.0,2.995732273553991,4.584967478670572,145.0,2.6461747973841225,967.0,871.0,3.367295829986474,44.03,0.34249030894677596,1838.0,471.0,0.039547297088254545,0.1872633247047336,3.902335456475584
355.0,2.995732273553991,4.584967478670572,145.0,2.5877640352277083,967.0,871.0,3.367295829986474,55.45,0.34249030894677596,1838.0,471.0,0.039547297088254545,0.1872633247047336,3.902335456475584
491.0,3.295836866004329,4.820281565605037,210.0,1.589235205116581,882.0,699.0,3.367295829986474,55.55,0.3560637592400695,1581.0,640.0,0.039821494186671594,0.17578985493073948,2.4703125
491.0,3.295836866004329,4.820281565605037,201.0,1.589235205116581,822.0,699.0,3.367295829986474,57.92,0.343141827823149,1521.0,640.0,0.039821494186671594,0.17578985493073948,2.3765625
491.0,3.295836866004329,4.820281565605037,210.0,1.589235205116581,882.0,699.0,1.3862943611198906,25.61,0.3560637592400695,1581.0,640.0,0.039821494186671594,0.17578985493073948,2.4703125
491.0,3.295836866004329,4.820281565605037,210.0,1.589235205116581,882.0,699.0,2.0794415416798357,33.49,0.3560637592400695,1581.0,640.0,0.039821494186671594,0.17578985493073948,2.4703125
491.0,3.295836866004329,4.820281565605037,210.0,1.589235205116581,882.0,699.0,4.04305126783455,59.59,0.3560637592400695,1581.0,640.0,0.039821494186671594,0.17578985493073948,2.4703125
491.0,3.295836866004329,4.820281565605037,201.0,1.589235205116581,822.0,699.0,1.3862943611198906,29.55,0.343141827823149,1521.0,640.0,0.039821494186671594,0.17578985493073948,2.3765625
491.0,3.295836866004329,4.820281565605037,201.0,1.589235205116581,822.0,699.0,2.0794415416798357,37.92,0.343141827823149,1521.0,640.0,0.039821494186671594,0.17578985493073948,2.3765625
491.0,3.295836866004329,4.820281565605037,201.0,1.589235205116581,822.0,699.0,4.04305126783455,61.86,0.343141827823149,1521.0,640.0,0.039821494186671594,0.17578985493073948,2.3765625
424.0,3.1354942159291497,4.890349128221754,178.0,2.2512917986064953,822.0,750.0,3.367295829986474,62.05,0.3505239900768633,1572.0,578.0,0.0373557865437689,0.20569110136298366,2.7197231833910034
424.0,3.1354942159291497,4.890349128221754,178.0,2.2512917986064953,882.0,750.0,1.3862943611198906,32.01,0.3505239900768633,1632.0,578.0,0.0373557865437689,0.20569110136298366,2.823529411764706
424.0,3.1354942159291497,4.890349128221754,168.0,2.2925347571405443,822.0,750.0,3.367295829986474,72.1,0.33377317965204795,1572.0,578.0,0.0373557865437689,0.20569110136298366,2.7197231833910034
424.0,3.1354942159291497,4.890349128221754,178.0,2.2512917986064953,822.0,750.0,2.0794415416798357,39.0,0.3505239900768633,1572.0,578.0,0.0373557865437689,0.20569110136298366,2.7197231833910034
424.0,3.1354942159291497,4.890349128221754,178.0,2.2512917986064953,822.0,750.0,4.04305126783455,65.7,0.3505239900768633,1572.0,578.0,0.0373557865437689,0.20569110136298366,2.7197231833910034
424.0,3.1354942159291497,4.890349128221754,168.0,2.2925347571405443,822.0,750.0,1.3862943611198906,32.11,0.33377317965204795,1572.0,578.0,0.0373557865437689,0.20569110136298366,2.7197231833910034
424.0,3.1354942159291497,4.890349128221754,168.0,2.2925347571405443,822.0,750.0,2.0794415416798357,40.29,0.33377317965204795,1572.0,578.0,0.0373557865437689,0.20569110136298366,2.7197231833910034
424.0,3.1354942159291497,4.890349128221754,168.0,2.2925347571405443,822.0,750.0,4.04305126783455,74.36,0.33377317965204795,1572.0,578.0,0.0373557865437689,0.20569110136298366,2.7197231833910034
202.0,2.4849066497880004,4.955827057601261,206.0,0.9932517730102833,942.0,801.0,3.367295829986474,21.97,0.702999477002957,1743.0,354.0,0.030600440448717053,0.33526084943491585,4.923728813559322
202.0,2.4849066497880004,4.955827057601261,206.0,0.9932517730102833,942.0,801.0,1.3862943611198906,9.85,0.702999477002957,1743.0,354.0,0.030600440448717053,0.33526084943491585,4.923728813559322
202.0,2.4849066497880004,4.955827057601261,206.0,0.9932517730102833,942.0,801.0,2.0794415416798357,15.07,0.702999477002957,1743.0,354.0,0.030600440448717053,0.33526084943491585,4.923728813559322
202.0,2.4849066497880004,4.955827057601261,206.0,0.9932517730102833,942.0,801.0,4.04305126783455,23.25,0.702999477002957,1743.0,354.0,0.030600440448717053,0.33526084943491585,4.923728813559322
284.0,2.772588722239781,4.955827057601261,179.0,1.8718021769015913,842.0,801.0,3.367295829986474,43.73,0.48875281592502806,1643.0,440.0,0.03352269203864356,0.2779760299396044,3.734090909090909
284.0,2.772588722239781,4.955827057601261,179.0,1.8718021769015913,842.0,801.0,1.3862943611198906,13.4,0.48875281592502806,1643.0,440.0,0.03352269203864356,0.2779760299396044,3.734090909090909
284.0,2.772588722239781,4.955827057601261,179.0,1.8718021769015913,842.0,801.0,2.0794415416798357,24.13,0.48875281592502806,1643.0,440.0,0.03352269203864356,0.2779760299396044,3.734090909090909
284.0,2.772588722239781,4.955827057601261,179.0,1.8718021769015913,842.0,801.0,4.04305126783455,44.52,0.48875281592502806,1643.0,440.0,0.03352269203864356,0.2779760299396044,3.734090909090909
359.0,2.995732273553991,4.955827057601261,154.0,2.4765384001174837,942.0,801.0,3.367295829986474,62.94,0.3569534566824907,1743.0,519.0,0.03595467699589578,0.24033595185458256,3.3583815028901736
359.0,2.995732273553991,4.955827057601261,154.0,2.4765384001174837,942.0,801.0,3.367295829986474,59.49,0.3569534566824907,1743.0,519.0,0.03595467699589578,0.24033595185458256,3.3583815028901736
359.0,2.995732273553991,4.955827057601261,154.0,2.4765384001174837,942.0,801.0,1.3862943611198906,25.12,0.3569534566824907,1743.0,519.0,0.03595467699589578,0.24033595185458256,3.3583815028901736
359.0,2.995732273553991,4.955827057601261,154.0,2.4765384001174837,942.0,801.0,1.3862943611198906,23.64,0.3569534566824907,1743.0,519.0,0.03595467699589578,0.24033595185458256,3.3583815028901736
359.0,2.995732273553991,4.955827057601261,154.0,2.4765384001174837,942.0,801.0,2.0794415416798357,35.75,0.3569534566824907,1743.0,519.0,0.03595467699589578,0.24033595185458256,3.3583815028901736
359.0,2.995732273553991,4.955827057601261,154.0,2.4765384001174837,942.0,801.0,2.0794415416798357,38.61,0.3569534566824907,1743.0,519.0,0.03595467699589578,0.24033595185458256,3.3583815028901736
359.0,2.995732273553991,4.955827057601261,154.0,2.4765384001174837,942.0,801.0,4.04305126783455,68.75,0.3569534566824907,1743.0,519.0,0.03595467699589578,0.24033595185458256,3.3583815028901736
359.0,2.995732273553991,4.955827057601261,154.0,2.4765384001174837,942.0,801.0,4.04305126783455,66.78,0.3569534566824907,1743.0,519.0,0.03595467699589578,0.24033595185458256,3.3583815028901736
436.0,0.0,0.0,218.0,0.0,838.4,719.7,3.367295829986474,23.85,0.4054651081081644,1558.1,436.0,0.0,0.0,3.573623853211009
289.0,0.0,0.0,192.0,0.0,913.2,895.3,4.51085950651685,32.07,0.509440581993329,1808.5,289.0,0.0,0.0,6.257785467128028
289.0,0.0,0.0,192.0,0.0,913.2,895.3,1.3862943611198906,11.65,0.509440581993329,1808.5,289.0,0.0,0.0,6.257785467128028
393.0,0.0,0.0,192.0,0.0,940.6,785.6,1.3862943611198906,19.2,0.39780223536259524,1726.2,393.0,0.0,0.0,4.3923664122137405
393.0,0.0,0.0,192.0,0.0,940.6,785.6,4.51085950651685,48.85,0.39780223536259524,1726.2,393.0,0.0,0.0,4.3923664122137405
393.0,0.0,0.0,192.0,0.0,940.6,785.6,3.367295829986474,39.6,0.39780223536259524,1726.2,393.0,0.0,0.0,4.3923664122137405
480.0,0.0,0.0,192.0,0.0,936.2,712.2,3.367295829986474,43.94,0.33647223662121295,1648.4,480.0,0.0,0.0,3.434166666666667
480.0,0.0,0.0,192.0,0.0,936.2,712.2,2.0794415416798357,34.57,0.33647223662121295,1648.4,480.0,0.0,0.0,3.434166666666667
480.0,0.0,0.0,192.0,0.0,936.2,712.2,4.51085950651685,54.32,0.33647223662121295,1648.4,480.0,0.0,0.0,3.434166666666667
480.0,0.0,0.0,192.0,0.0,936.2,712.2,1.3862943611198906,24.4,0.33647223662121295,1648.4,480.0,0.0,0.0,3.434166666666667
333.0,0.0,0.0,192.0,0.0,931.2,842.6,1.3862943611198906,15.62,0.4552557726111799,1773.8000000000002,333.0,0.0,0.0,5.3267267267267275
255.0,0.0,0.0,192.0,0.0,889.8,945.0,4.51085950651685,21.86,0.5612950494551426,1834.8,255.0,0.0,0.0,7.195294117647059
255.0,0.0,0.0,192.0,0.0,889.8,945.0,2.0794415416798357,10.22,0.5612950494551426,1834.8,255.0,0.0,0.0,7.195294117647059
289.0,0.0,0.0,192.0,0.0,913.2,895.3,2.0794415416798357,14.6,0.509440581993329,1808.5,289.0,0.0,0.0,6.257785467128028
255.0,0.0,0.0,192.0,0.0,889.8,945.0,3.367295829986474,18.75,0.5612950494551426,1834.8,255.0,0.0,0.0,7.195294117647059
333.0,0.0,0.0,192.0,0.0,931.2,842.6,3.367295829986474,31.97,0.4552557726111799,1773.8000000000002,333.0,0.0,0.0,5.3267267267267275
333.0,0.0,0.0,192.0,0.0,931.2,842.6,2.0794415416798357,23.4,0.4552557726111799,1773.8000000000002,333.0,0.0,0.0,5.3267267267267275
289.0,0.0,0.0,192.0,0.0,913.2,895.3,3.367295829986474,25.57,0.509440581993329,1808.5,289.0,0.0,0.0,6.257785467128028
333.0,0.0,0.0,192.0,0.0,931.2,842.6,4.51085950651685,41.68,0.4552557726111799,1773.8000000000002,333.0,0.0,0.0,5.3267267267267275
393.0,0.0,0.0,192.0,0.0,940.6,785.6,2.0794415416798357,27.74,0.39780223536259524,1726.2,393.0,0.0,0.0,4.3923664122137405
255.0,0.0,0.0,192.0,0.0,889.8,945.0,1.3862943611198906,8.2,0.5612950494551426,1834.8,255.0,0.0,0.0,7.195294117647059
158.8,5.477300022076476,0.0,185.7,0.0,1040.6,734.3,2.0794415416798357,9.62,0.7744485416406779,1774.8999999999999,397.0,0.4700036292457356,0.0,4.470780856423174
239.6,5.887214525734183,0.0,185.7,0.0,941.6,664.3,2.0794415416798357,25.42,0.5738239360182936,1605.9,599.0,0.4700036292457356,0.0,2.6809682804674457
238.2,5.073923033332174,0.0,185.7,0.0,1040.6,734.3,2.0794415416798357,15.69,0.5763869214373917,1774.8999999999999,397.0,0.33647223662121295,0.0,4.470780856423174
181.9,5.612397912854348,0.0,185.7,0.0,1012.4,714.3,3.367295829986474,27.94,0.7035383049574554,1726.6999999999998,454.70000000000005,0.46997613821468265,0.0,3.7974488673850884
193.5,5.674010316322531,0.0,185.7,0.0,998.2,704.3,3.367295829986474,32.63,0.6727862579110302,1702.5,483.7,0.4699777864474759,0.0,3.519743642753773
255.5,5.143416405330075,0.0,185.7,0.0,1026.6,724.3,2.0794415416798357,17.24,0.5462758777355883,1750.8999999999999,425.8,0.33643868576650177,0.0,4.1120244246124935
272.8,5.20893955539682,0.0,185.7,0.0,1012.4,714.3,2.0794415416798357,19.77,0.5192213657272124,1726.6999999999998,454.70000000000005,0.3365036540170276,0.0,3.7974488673850884
239.6,5.887214525734183,0.0,185.7,0.0,941.6,664.3,3.367295829986474,39.44,0.5738239360182936,1605.9,599.0,0.4700036292457356,0.0,2.6809682804674457
220.8,4.998562712861986,0.0,185.7,0.0,1055.0,744.3,3.367295829986474,25.75,0.610326614584925,1799.3,368.0,0.33647223662121295,0.0,4.8894021739130435
397.0,0.0,0.0,185.7,0.0,1040.6,734.3,3.367295829986474,33.08,0.38373619346183807,1774.8999999999999,397.0,0.0,0.0,4.470780856423174
382.5,0.0,0.0,185.7,0.0,1047.8,739.3,2.0794415416798357,24.07,0.395744816153497,1787.1,382.5,0.0,0.0,4.672156862745098
210.7,5.759217181544302,0.0,185.7,0.0,977.0,689.3,2.0794415416798357,21.82,0.6319884816456897,1666.3,526.8,0.47002735713431054,0.0,3.1630599848139713
158.8,5.477300022076476,0.0,185.7,0.0,1040.6,734.3,3.367295829986474,21.07,0.7744485416406779,1774.8999999999999,397.0,0.4700036292457356,0.0,4.470780856423174
295.8,0.0,0.0,185.7,0.0,1091.4,769.3,2.0794415416798357,14.84,0.4872226809614808,1860.7,295.8,0.0,0.0,6.2903989181879645
255.5,5.143416405330075,0.0,185.7,0.0,1026.6,724.3,3.367295829986474,32.05,0.5462758777355883,1750.8999999999999,425.8,0.33643868576650177,0.0,4.1120244246124935
203.5,4.917788743729904,0.0,185.7,0.0,1076.2,759.3,2.0794415416798357,11.96,0.6484273454292003,1835.5,339.2,0.3365143516373282,0.0,5.41126179245283
397.0,0.0,0.0,185.7,0.0,1040.6,734.3,2.0794415416798357,25.45,0.38373619346183807,1774.8999999999999,397.0,0.0,0.0,4.470780856423174
381.4,0.0,0.0,185.7,0.0,1104.6,784.3,3.367295829986474,22.49,0.39668696185366364,1888.8999999999999,381.4,0.0,0.0,4.95254326166754
295.8,0.0,0.0,185.7,0.0,1091.4,769.3,3.367295829986474,25.22,0.4872226809614808,1860.7,295.8,0.0,0.0,6.2903989181879645
228.0,5.838021949864404,0.0,185.7,0.0,955.8,674.3,3.367295829986474,39.7,0.595795444512925,1630.1,570.1,0.47004748024006393,0.0,2.8593229258024904
220.8,4.998562712861986,0.0,185.7,0.0,1055.0,744.3,2.0794415416798357,13.09,0.610326614584925,1799.3,368.0,0.33647223662121295,0.0,4.8894021739130435
316.1,5.35517017814082,0.0,185.7,0.0,977.0,689.3,3.367295829986474,38.7,0.4621430147107498,1666.3,526.8,0.3364451183448489,0.0,3.1630599848139713
135.7,5.320567975482857,0.0,185.7,0.0,1076.2,759.3,2.0794415416798357,7.51,0.8622398864625888,1835.5,339.2,0.4699667771516111,0.0,5.41126179245283
238.1,0.0,0.0,185.7,0.0,1118.8,789.3,3.367295829986474,17.58,0.5765708923413816,1908.1,238.1,0.0,0.0,8.013859722805543
339.2,0.0,0.0,185.7,0.0,1069.2,754.3,2.0794415416798357,21.18,0.4366178643405061,1823.5,339.2,0.0,0.0,5.3758844339622645
135.7,5.320567975482857,0.0,185.7,0.0,1076.2,759.3,3.367295829986474,18.2,0.8622398864625888,1835.5,339.2,0.4699667771516111,0.0,5.41126179245283
193.5,5.674010316322531,0.0,185.7,0.0,998.2,704.3,2.0794415416798357,17.2,0.6727862579110302,1702.5,483.7,0.4699777864474759,0.0,3.519743642753773
203.5,4.917788743729904,0.0,185.7,0.0,1076.2,759.3,3.367295829986474,22.63,0.6484273454292003,1835.5,339.2,0.3365143516373282,0.0,5.41126179245283
290.2,5.270432163058501,0.0,185.7,0.0,998.2,704.3,2.0794415416798357,21.86,0.4946374076769773,1702.5,483.7,0.3365017704300427,0.0,3.519743642753773
181.9,5.612397912854348,0.0,185.7,0.0,1012.4,714.3,2.0794415416798357,12.37,0.7035383049574554,1726.6999999999998,454.70000000000005,0.46997613821468265,0.0,3.7974488673850884
170.3,5.0530560099802075,0.0,185.7,0.0,1026.6,724.3,3.367295829986474,25.73,0.7373691431833878,1750.8999999999999,325.8,0.39020708014111893,0.0,5.37415592387968
210.7,5.759217181544302,0.0,185.7,0.0,977.0,689.3,3.367295829986474,37.81,0.6319884816456897,1666.3,526.8,0.47002735713431054,0.0,3.1630599848139713
228.0,5.838021949864404,0.0,185.7,0.0,955.8,674.3,2.0794415416798357,21.92,0.595795444512925,1630.1,570.1,0.47004748024006393,0.0,2.8593229258024904
290.2,5.270432163058501,0.0,185.7,0.0,998.2,704.3,3.367295829986474,33.04,0.4946374076769773,1702.5,483.7,0.3365017704300427,0.0,3.519743642753773
381.4,0.0,0.0,185.7,0.0,1104.6,784.3,2.0794415416798357,14.54,0.39668696185366364,1888.8999999999999,381.4,0.0,0.0,4.95254326166754
238.2,5.073923033332174,0.0,185.7,0.0,1040.6,734.3,3.367295829986474,26.91,0.5763869214373917,1774.8999999999999,397.0,0.33647223662121295,0.0,4.470780856423174
186.2,4.829113417472866,0.0,185.7,0.0,1083.4,764.3,2.0794415416798357,8.0,0.6918036360880577,1847.7,310.29999999999995,0.3364261971653912,0.0,5.954560103126008
339.2,0.0,0.0,185.7,0.0,1069.2,754.3,3.367295829986474,31.9,0.4366178643405061,1823.5,339.2,0.0,0.0,5.3758844339622645
238.1,0.0,0.0,185.7,0.0,1118.8,789.3,2.0794415416798357,10.34,0.5765708923413816,1908.1,238.1,0.0,0.0,8.013859722805543
252.5,0.0,0.0,185.7,0.0,1111.6,784.3,3.367295829986474,19.77,0.5512641784459517,1895.8999999999999,252.5,0.0,0.0,7.508514851485148
382.5,0.0,0.0,185.7,0.0,1047.8,739.3,3.367295829986474,37.44,0.395744816153497,1787.1,382.5,0.0,0.0,4.672156862745098
252.5,0.0,0.0,185.7,0.0,1111.6,784.3,2.0794415416798357,11.48,0.5512641784459517,1895.8999999999999,252.5,0.0,0.0,7.508514851485148
316.1,5.35517017814082,0.0,185.7,0.0,977.0,689.3,2.0794415416798357,24.44,0.4621430147107498,1666.3,526.8,0.3364451183448489,0.0,3.1630599848139713
186.2,4.829113417472866,0.0,185.7,0.0,1083.4,764.3,3.367295829986474,17.6,0.6918036360880577,1847.7,310.29999999999995,0.3364261971653912,0.0,5.954560103126008
170.3,5.0530560099802075,0.0,185.7,0.0,1026.6,724.3,2.0794415416798357,10.73,0.7373691431833878,1750.8999999999999,325.8,0.39020708014111893,0.0,5.37415592387968
272.8,5.20893955539682,0.0,185.7,0.0,1012.4,714.3,3.367295829986474,31.38,0.5192213657272124,1726.6999999999998,454.70000000000005,0.3365036540170276,0.0,3.7974488673850884
339.0,0.0,0.0,197.0,0.0,968.0,781.0,1.3862943611198906,13.22,0.4581340536903517,1749.0,339.0,0.0,0.0,5.15929203539823
339.0,0.0,0.0,197.0,0.0,968.0,781.0,2.0794415416798357,20.97,0.4581340536903517,1749.0,339.0,0.0,0.0,5.15929203539823
339.0,0.0,0.0,197.0,0.0,968.0,781.0,2.70805020110221,27.04,0.4581340536903517,1749.0,339.0,0.0,0.0,5.15929203539823
339.0,0.0,0.0,197.0,0.0,968.0,781.0,3.367295829986474,32.04,0.4581340536903517,1749.0,339.0,0.0,0.0,5.15929203539823
339.0,0.0,0.0,197.0,0.0,968.0,781.0,4.51085950651685,35.17,0.4581340536903517,1749.0,339.0,0.0,0.0,5.15929203539823
339.0,0.0,0.0,197.0,0.0,968.0,781.0,5.198497031265826,36.45,0.4581340536903517,1749.0,339.0,0.0,0.0,5.15929203539823
339.0,0.0,0.0,197.0,0.0,968.0,781.0,5.902633333401366,38.89,0.4581340536903517,1749.0,339.0,0.0,0.0,5.15929203539823
236.0,0.0,0.0,194.0,0.0,968.0,885.0,1.3862943611198906,6.47,0.599953403661998,1853.0,236.0,0.0,0.0,7.851694915254237
236.0,0.0,0.0,194.0,0.0,968.0,885.0,2.70805020110221,12.84,0.599953403661998,1853.0,236.0,0.0,0.0,7.851694915254237
236.0,0.0,0.0,194.0,0.0,968.0,885.0,3.367295829986474,18.42,0.599953403661998,1853.0,236.0,0.0,0.0,7.851694915254237
236.0,0.0,0.0,194.0,0.0,968.0,885.0,4.51085950651685,21.95,0.599953403661998,1853.0,236.0,0.0,0.0,7.851694915254237
236.0,0.0,0.0,193.0,0.0,968.0,885.0,5.198497031265826,24.1,0.5976251139024069,1853.0,236.0,0.0,0.0,7.851694915254237
236.0,0.0,0.0,193.0,0.0,968.0,885.0,5.902633333401366,25.08,0.5976251139024069,1853.0,236.0,0.0,0.0,7.851694915254237
277.0,0.0,0.0,191.0,0.0,968.0,856.0,2.70805020110221,21.26,0.5244507897303082,1824.0,277.0,0.0,0.0,6.584837545126354
277.0,0.0,0.0,191.0,0.0,968.0,856.0,3.367295829986474,25.97,0.5244507897303082,1824.0,277.0,0.0,0.0,6.584837545126354
277.0,0.0,0.0,191.0,0.0,968.0,856.0,1.3862943611198906,11.36,0.5244507897303082,1824.0,277.0,0.0,0.0,6.584837545126354
277.0,0.0,0.0,191.0,0.0,968.0,856.0,4.51085950651685,31.25,0.5244507897303082,1824.0,277.0,0.0,0.0,6.584837545126354
277.0,0.0,0.0,191.0,0.0,968.0,856.0,5.198497031265826,32.33,0.5244507897303082,1824.0,277.0,0.0,0.0,6.584837545126354
277.0,0.0,0.0,191.0,0.0,968.0,856.0,5.8888779583328805,33.7,0.5244507897303082,1824.0,277.0,0.0,0.0,6.584837545126354
254.0,0.0,0.0,198.0,0.0,968.0,863.0,1.3862943611198906,9.31,0.5763479128136946,1831.0,254.0,0.0,0.0,7.208661417322834
254.0,0.0,0.0,198.0,0.0,968.0,863.0,4.51085950651685,26.94,0.5763479128136946,1831.0,254.0,0.0,0.0,7.208661417322834
254.0,0.0,0.0,198.0,0.0,968.0,863.0,5.198497031265826,27.63,0.5763479128136946,1831.0,254.0,0.0,0.0,7.208661417322834
254.0,0.0,0.0,198.0,0.0,968.0,863.0,5.902633333401366,29.79,0.5763479128136946,1831.0,254.0,0.0,0.0,7.208661417322834
307.0,0.0,0.0,193.0,0.0,968.0,812.0,5.198497031265826,34.49,0.4877603508349945,1780.0,307.0,0.0,0.0,5.798045602605863
307.0,0.0,0.0,193.0,0.0,968.0,812.0,5.902633333401366,36.15,0.4877603508349945,1780.0,307.0,0.0,0.0,5.798045602605863
307.0,0.0,0.0,193.0,0.0,968.0,812.0,1.3862943611198906,12.54,0.4877603508349945,1780.0,307.0,0.0,0.0,5.798045602605863
307.0,0.0,0.0,193.0,0.0,968.0,812.0,3.367295829986474,27.53,0.4877603508349945,1780.0,307.0,0.0,0.0,5.798045602605863
307.0,0.0,0.0,193.0,0.0,968.0,812.0,4.51085950651685,32.92,0.4877603508349945,1780.0,307.0,0.0,0.0,5.798045602605863
236.0,0.0,0.0,193.0,0.0,968.0,885.0,2.0794415416798357,9.99,0.5976251139024069,1853.0,236.0,0.0,0.0,7.851694915254237
200.0,0.0,0.0,180.0,0.0,1125.0,845.0,2.0794415416798357,7.84,0.6418538861723948,1970.0,200.0,0.0,0.0,9.85
200.0,0.0,0.0,180.0,0.0,1125.0,845.0,3.367295829986474,12.25,0.6418538861723948,1970.0,200.0,0.0,0.0,9.85
225.0,0.0,0.0,181.0,0.0,1113.0,833.0,2.0794415416798357,11.17,0.5902527573973124,1946.0,225.0,0.0,0.0,8.648888888888889
225.0,0.0,0.0,181.0,0.0,1113.0,833.0,3.367295829986474,17.34,0.5902527573973124,1946.0,225.0,0.0,0.0,8.648888888888889
325.0,0.0,0.0,184.0,0.0,1063.0,783.0,2.0794415416798357,17.54,0.4486228342207852,1846.0,325.0,0.0,0.0,5.68
325.0,0.0,0.0,184.0,0.0,1063.0,783.0,3.367295829986474,30.57,0.4486228342207852,1846.0,325.0,0.0,0.0,5.68
275.0,0.0,0.0,183.0,0.0,1088.0,808.0,2.0794415416798357,14.2,0.5100980864476136,1896.0,275.0,0.0,0.0,6.8945454545454545
275.0,0.0,0.0,183.0,0.0,1088.0,808.0,3.367295829986474,24.5,0.5100980864476136,1896.0,275.0,0.0,0.0,6.8945454545454545
300.0,0.0,0.0,184.0,0.0,1075.0,795.0,2.0794415416798357,15.58,0.4783024320604306,1870.0,300.0,0.0,0.0,6.233333333333333
300.0,0.0,0.0,184.0,0.0,1075.0,795.0,3.367295829986474,26.85,0.4783024320604306,1870.0,300.0,0.0,0.0,6.233333333333333
375.0,0.0,0.0,186.0,0.0,1038.0,758.0,2.0794415416798357,26.06,0.4027948795522855,1796.0,375.0,0.0,0.0,4.789333333333333
375.0,0.0,0.0,186.0,0.0,1038.0,758.0,3.367295829986474,38.21,0.4027948795522855,1796.0,375.0,0.0,0.0,4.789333333333333
400.0,0.0,0.0,187.0,0.0,1025.0,745.0,3.367295829986474,43.7,0.3835602727201145,1770.0,400.0,0.0,0.0,4.425
400.0,0.0,0.0,187.0,0.0,1025.0,745.0,2.0794415416798357,30.14,0.3835602727201145,1770.0,400.0,0.0,0.0,4.425
250.0,0.0,0.0,182.0,0.0,1100.0,820.0,2.0794415416798357,12.73,0.5469646703818639,1920.0,250.0,0.0,0.0,7.68
250.0,0.0,0.0,182.0,0.0,1100.0,820.0,3.367295829986474,20.87,0.5469646703818639,1920.0,250.0,0.0,0.0,7.68
350.0,0.0,0.0,186.0,0.0,1050.0,770.0,2.0794415416798357,20.28,0.42620100658734267,1820.0,350.0,0.0,0.0,5.2
350.0,0.0,0.0,186.0,0.0,1050.0,770.0,3.367295829986474,34.29,0.42620100658734267,1820.0,350.0,0.0,0.0,5.2
203.5,5.724565013838729,0.0,203.5,0.0,963.4,630.0,2.0794415416798357,19.54,0.6931471805599453,1593.4,508.8,0.4700281965540197,0.0,3.131682389937107
250.2,5.122772794033106,0.0,203.5,0.0,977.6,694.1,4.51085950651685,47.71,0.5951755886371075,1671.7,417.0,0.33647223662121295,0.0,4.008872901678657
157.0,5.4680601411351315,0.0,192.0,0.0,935.4,781.2,4.51085950651685,43.38,0.7988261168541191,1716.6,393.0,0.47032164483117933,0.0,4.36793893129771
141.3,5.3612921657094255,0.0,203.5,0.0,971.8,748.5,3.367295829986474,29.89,0.8920792490990563,1720.3,353.3,0.47003900931614556,0.0,4.869232946504387
166.8,5.526249434594043,0.0,203.5,0.0,975.6,692.6,1.3862943611198906,6.9,0.7975179979949206,1668.2,417.0,0.4700036292457356,0.0,4.000479616306954
122.6,5.219815138393079,0.0,203.5,0.0,958.2,800.1,4.51085950651685,33.19,0.9782770592931624,1758.3000000000002,306.5,0.4700036292457356,0.0,5.736704730831974
183.9,4.817050545023591,0.0,203.5,0.0,959.2,800.0,1.3862943611198906,4.9,0.7450656193626201,1759.2,306.5,0.33647223662121295,0.0,5.739641109298532
102.0,5.0369526024136295,0.0,192.0,0.0,887.0,942.0,1.3862943611198906,4.57,1.0586069540544105,1829.0,255.0,0.4700036292457356,0.0,7.172549019607843
102.0,5.0369526024136295,0.0,192.0,0.0,887.0,942.0,4.51085950651685,25.46,1.0586069540544105,1829.0,255.0,0.4700036292457356,0.0,7.172549019607843
122.6,5.219815138393079,0.0,203.5,0.0,958.2,800.1,3.367295829986474,24.29,0.9782770592931624,1758.3000000000002,306.5,0.4700036292457356,0.0,5.736704730831974
166.8,5.526249434594043,0.0,203.5,0.0,975.6,692.6,3.367295829986474,33.95,0.7975179979949206,1668.2,417.0,0.4700036292457356,0.0,4.000479616306954
200.0,4.897839799950911,0.0,192.0,0.0,965.4,806.2,1.3862943611198906,11.41,0.6729444732424258,1771.6,333.0,0.33604314414520203,0.0,5.32012012012012
108.3,5.096201182425903,0.0,203.5,0.0,938.2,849.0,3.367295829986474,20.59,1.0574568026167313,1787.2,270.7,0.46995745160032554,0.0,6.602142593276691
305.3,5.320567975482857,0.0,203.5,0.0,965.4,631.0,2.0794415416798357,25.89,0.5107601122850802,1596.4,508.8,0.33644415895839574,0.0,3.1375786163522013
108.3,5.096201182425903,0.0,203.5,0.0,938.2,849.0,4.51085950651685,29.23,1.0574568026167313,1787.2,270.7,0.46995745160032554,0.0,6.602142593276691
116.0,5.159055299214529,0.0,192.0,0.0,909.8,891.9,4.51085950651685,31.02,0.9765095918672099,1801.6999999999998,289.0,0.4691382029693067,0.0,6.234256055363321
141.3,5.3612921657094255,0.0,203.5,0.0,971.8,748.5,2.0794415416798357,10.39,0.8920792490990563,1720.3,353.3,0.47003900931614556,0.0,4.869232946504387
157.0,5.4680601411351315,0.0,192.0,0.0,935.4,781.2,3.367295829986474,33.66,0.7988261168541191,1716.6,393.0,0.47032164483117933,0.0,4.36793893129771
133.0,5.303304908059076,0.0,192.0,0.0,927.4,839.2,3.367295829986474,27.87,0.8934760541079837,1766.6,333.0,0.4703789341854007,0.0,5.305105105105105
250.2,5.122772794033106,0.0,203.5,0.0,977.6,694.1,2.0794415416798357,19.35,0.5951755886371075,1671.7,417.0,0.33647223662121295,0.0,4.008872901678657
173.0,4.762173934797756,0.0,192.0,0.0,946.8,856.8,2.0794415416798357,11.39,0.7466057590847125,1803.6,289.0,0.33746037899410697,0.0,6.240830449826989
192.0,5.666426688112432,0.0,192.0,0.0,929.8,716.1,1.3862943611198906,12.79,0.6931471805599453,1645.9,480.0,0.4700036292457356,0.0,3.4289583333333336
192.0,5.666426688112432,0.0,192.0,0.0,929.8,716.1,3.367295829986474,39.32,0.6931471805599453,1645.9,480.0,0.4700036292457356,0.0,3.4289583333333336
153.0,4.634728988229636,0.0,192.0,0.0,888.0,943.1,1.3862943611198906,4.78,0.8131064956389242,1831.1,255.0,0.33647223662121295,0.0,7.18078431372549
288.0,5.262690188904886,0.0,192.0,0.0,932.0,717.8,1.3862943611198906,16.11,0.5108256237659907,1649.8,480.0,0.33647223662121295,0.0,3.4370833333333333
305.3,5.320567975482857,0.0,203.5,0.0,965.4,631.0,3.367295829986474,43.38,0.5107601122850802,1596.4,508.8,0.33644415895839574,0.0,3.1375786163522013
236.0,5.062595033026967,0.0,192.0,0.0,972.6,749.1,2.0794415416798357,20.42,0.5952913905561867,1721.7,393.0,0.3361086663572554,0.0,4.380916030534351
173.0,4.762173934797756,0.0,192.0,0.0,946.8,856.8,1.3862943611198906,6.94,0.7466057590847125,1803.6,289.0,0.33746037899410697,0.0,6.240830449826989
212.0,4.957937505095806,0.0,203.5,0.0,973.4,750.0,2.0794415416798357,15.03,0.6728963396234904,1723.4,353.3,0.33643180072221635,0.0,4.878007359184829
236.0,5.062595033026967,0.0,192.0,0.0,972.6,749.1,1.3862943611198906,13.57,0.5952913905561867,1721.7,393.0,0.3361086663572554,0.0,4.380916030534351
183.9,4.817050545023591,0.0,203.5,0.0,959.2,800.0,4.51085950651685,32.53,0.7450656193626201,1759.2,306.5,0.33647223662121295,0.0,5.739641109298532
166.8,5.526249434594043,0.0,203.5,0.0,975.6,692.6,2.0794415416798357,15.75,0.7975179979949206,1668.2,417.0,0.4700036292457356,0.0,4.000479616306954
102.0,5.0369526024136295,0.0,192.0,0.0,887.0,942.0,2.0794415416798357,7.68,1.0586069540544105,1829.0,255.0,0.4700036292457356,0.0,7.172549019607843
288.0,5.262690188904886,0.0,192.0,0.0,932.0,717.8,3.367295829986474,38.8,0.5108256237659907,1649.8,480.0,0.33647223662121295,0.0,3.4370833333333333
212.0,4.957937505095806,0.0,203.5,0.0,973.4,750.0,3.367295829986474,33.0,0.6728963396234904,1723.4,353.3,0.33643180072221635,0.0,4.878007359184829
102.0,5.0369526024136295,0.0,192.0,0.0,887.0,942.0,3.367295829986474,17.28,1.0586069540544105,1829.0,255.0,0.4700036292457356,0.0,7.172549019607843
173.0,4.762173934797756,0.0,192.0,0.0,946.8,856.8,3.367295829986474,24.28,0.7466057590847125,1803.6,289.0,0.33746037899410697,0.0,6.240830449826989
183.9,4.817050545023591,0.0,203.5,0.0,959.2,800.0,3.367295829986474,24.05,0.7450656193626201,1759.2,306.5,0.33647223662121295,0.0,5.739641109298532
133.0,5.303304908059076,0.0,192.0,0.0,927.4,839.2,4.51085950651685,36.59,0.8934760541079837,1766.6,333.0,0.4703789341854007,0.0,5.305105105105105
192.0,5.666426688112432,0.0,192.0,0.0,929.8,716.1,4.51085950651685,50.73,0.6931471805599453,1645.9,480.0,0.4700036292457356,0.0,3.4289583333333336
133.0,5.303304908059076,0.0,192.0,0.0,927.4,839.2,2.0794415416798357,13.66,0.8934760541079837,1766.6,333.0,0.4703789341854007,0.0,5.305105105105105
305.3,5.320567975482857,0.0,203.5,0.0,965.4,631.0,1.3862943611198906,14.14,0.5107601122850802,1596.4,508.8,0.33644415895839574,0.0,3.1375786163522013
236.0,5.062595033026967,0.0,192.0,0.0,972.6,749.1,4.51085950651685,47.78,0.5952913905561867,1721.7,393.0,0.3361086663572554,0.0,4.380916030534351
108.3,5.096201182425903,0.0,203.5,0.0,938.2,849.0,1.3862943611198906,2.33,1.0574568026167313,1787.2,270.7,0.46995745160032554,0.0,6.602142593276691
157.0,5.4680601411351315,0.0,192.0,0.0,935.4,781.2,2.0794415416798357,16.89,0.7988261168541191,1716.6,393.0,0.47032164483117933,0.0,4.36793893129771
288.0,5.262690188904886,0.0,192.0,0.0,932.0,717.8,2.0794415416798357,23.52,0.5108256237659907,1649.8,480.0,0.33647223662121295,0.0,3.4370833333333333
212.0,4.957937505095806,0.0,203.5,0.0,973.4,750.0,1.3862943611198906,6.81,0.6728963396234904,1723.4,353.3,0.33643180072221635,0.0,4.878007359184829
212.0,4.957937505095806,0.0,203.5,0.0,973.4,750.0,4.51085950651685,39.7,0.6728963396234904,1723.4,353.3,0.33643180072221635,0.0,4.878007359184829
153.0,4.634728988229636,0.0,192.0,0.0,888.0,943.1,3.367295829986474,17.96,0.8131064956389242,1831.1,255.0,0.33647223662121295,0.0,7.18078431372549
236.0,5.062595033026967,0.0,192.0,0.0,972.6,749.1,3.367295829986474,32.88,0.5952913905561867,1721.7,393.0,0.3361086663572554,0.0,4.380916030534351
116.0,5.159055299214529,0.0,192.0,0.0,909.8,891.9,3.367295829986474,22.35,0.9765095918672099,1801.6999999999998,289.0,0.4691382029693067,0.0,6.234256055363321
183.9,4.817050545023591,0.0,203.5,0.0,959.2,800.0,2.0794415416798357,10.79,0.7450656193626201,1759.2,306.5,0.33647223662121295,0.0,5.739641109298532
108.3,5.096201182425903,0.0,203.5,0.0,938.2,849.0,2.0794415416798357,7.72,1.0574568026167313,1787.2,270.7,0.46995745160032554,0.0,6.602142593276691
203.5,5.724565013838729,0.0,203.5,0.0,963.4,630.0,3.367295829986474,41.68,0.6931471805599453,1593.4,508.8,0.4700281965540197,0.0,3.131682389937107
203.5,5.724565013838729,0.0,203.5,0.0,963.4,630.0,1.3862943611198906,9.56,0.6931471805599453,1593.4,508.8,0.4700281965540197,0.0,3.131682389937107
133.0,5.303304908059076,0.0,192.0,0.0,927.4,839.2,1.3862943611198906,6.88,0.8934760541079837,1766.6,333.0,0.4703789341854007,0.0,5.305105105105105
288.0,5.262690188904886,0.0,192.0,0.0,932.0,717.8,4.51085950651685,50.53,0.5108256237659907,1649.8,480.0,0.33647223662121295,0.0,3.4370833333333333
200.0,4.897839799950911,0.0,192.0,0.0,965.4,806.2,2.0794415416798357,17.17,0.6729444732424258,1771.6,333.0,0.33604314414520203,0.0,5.32012012012012
200.0,4.897839799950911,0.0,192.0,0.0,965.4,806.2,3.367295829986474,30.44,0.6729444732424258,1771.6,333.0,0.33604314414520203,0.0,5.32012012012012
250.2,5.122772794033106,0.0,203.5,0.0,977.6,694.1,1.3862943611198906,9.73,0.5951755886371075,1671.7,417.0,0.33647223662121295,0.0,4.008872901678657
122.6,5.219815138393079,0.0,203.5,0.0,958.2,800.1,1.3862943611198906,3.32,0.9782770592931624,1758.3000000000002,306.5,0.4700036292457356,0.0,5.736704730831974
153.0,4.634728988229636,0.0,192.0,0.0,888.0,943.1,4.51085950651685,26.32,0.8131064956389242,1831.1,255.0,0.33647223662121295,0.0,7.18078431372549
200.0,4.897839799950911,0.0,192.0,0.0,965.4,806.2,4.51085950651685,43.25,0.6729444732424258,1771.6,333.0,0.33604314414520203,0.0,5.32012012012012
116.0,5.159055299214529,0.0,192.0,0.0,909.8,891.9,1.3862943611198906,6.28,0.9765095918672099,1801.6999999999998,289.0,0.4691382029693067,0.0,6.234256055363321
173.0,4.762173934797756,0.0,192.0,0.0,946.8,856.8,4.51085950651685,32.1,0.7466057590847125,1803.6,289.0,0.33746037899410697,0.0,6.240830449826989
250.2,5.122772794033106,0.0,203.5,0.0,977.6,694.1,3.367295829986474,36.96,0.5951755886371075,1671.7,417.0,0.33647223662121295,0.0,4.008872901678657
305.3,5.320567975482857,0.0,203.5,0.0,965.4,631.0,4.51085950651685,54.6,0.5107601122850802,1596.4,508.8,0.33644415895839574,0.0,3.1375786163522013
192.0,5.666426688112432,0.0,192.0,0.0,929.8,716.1,2.0794415416798357,21.48,0.6931471805599453,1645.9,480.0,0.4700036292457356,0.0,3.4289583333333336
157.0,5.4680601411351315,0.0,192.0,0.0,935.4,781.2,1.3862943611198906,9.69,0.7988261168541191,1716.6,393.0,0.47032164483117933,0.0,4.36793893129771
153.0,4.634728988229636,0.0,192.0,0.0,888.0,943.1,2.0794415416798357,8.37,0.8131064956389242,1831.1,255.0,0.33647223662121295,0.0,7.18078431372549
141.3,5.3612921657094255,0.0,203.5,0.0,971.8,748.5,4.51085950651685,39.66,0.8920792490990563,1720.3,353.3,0.47003900931614556,0.0,4.869232946504387
116.0,5.159055299214529,0.0,192.0,0.0,909.8,891.9,2.0794415416798357,10.09,0.9765095918672099,1801.6999999999998,289.0,0.4691382029693067,0.0,6.234256055363321
141.3,5.3612921657094255,0.0,203.5,0.0,971.8,748.5,1.3862943611198906,4.83,0.8920792490990563,1720.3,353.3,0.47003900931614556,0.0,4.869232946504387
122.6,5.219815138393079,0.0,203.5,0.0,958.2,800.1,2.0794415416798357,10.35,0.9782770592931624,1758.3000000000002,306.5,0.4700036292457356,0.0,5.736704730831974
166.8,5.526249434594043,0.0,203.5,0.0,975.6,692.6,4.51085950651685,43.57,0.7975179979949206,1668.2,417.0,0.4700036292457356,0.0,4.000479616306954
203.5,5.724565013838729,0.0,203.5,0.0,963.4,630.0,4.51085950651685,51.86,0.6931471805599453,1593.4,508.8,0.4700281965540197,0.0,3.131682389937107
310.0,0.0,0.0,192.0,0.0,1012.0,830.0,1.3862943611198906,11.85,0.48202782221253726,1842.0,310.0,0.0,0.0,5.941935483870968
310.0,0.0,0.0,192.0,0.0,1012.0,830.0,2.0794415416798357,17.24,0.48202782221253726,1842.0,310.0,0.0,0.0,5.941935483870968
310.0,0.0,0.0,192.0,0.0,1012.0,830.0,3.367295829986474,27.83,0.48202782221253726,1842.0,310.0,0.0,0.0,5.941935483870968
310.0,0.0,0.0,192.0,0.0,1012.0,830.0,4.51085950651685,35.76,0.48202782221253726,1842.0,310.0,0.0,0.0,5.941935483870968
310.0,0.0,0.0,192.0,0.0,1012.0,830.0,4.795790545596741,38.7,0.48202782221253726,1842.0,310.0,0.0,0.0,5.941935483870968
331.0,0.0,0.0,192.0,0.0,1025.0,821.0,1.3862943611198906,14.31,0.45746308868786,1846.0,331.0,0.0,0.0,5.577039274924472
331.0,0.0,0.0,192.0,0.0,1025.0,821.0,2.0794415416798357,17.44,0.45746308868786,1846.0,331.0,0.0,0.0,5.577039274924472
331.0,0.0,0.0,192.0,0.0,1025.0,821.0,3.367295829986474,31.74,0.45746308868786,1846.0,331.0,0.0,0.0,5.577039274924472
331.0,0.0,0.0,192.0,0.0,1025.0,821.0,4.51085950651685,37.91,0.45746308868786,1846.0,331.0,0.0,0.0,5.577039274924472
331.0,0.0,0.0,192.0,0.0,1025.0,821.0,4.795790545596741,39.38,0.45746308868786,1846.0,331.0,0.0,0.0,5.577039274924472
349.0,0.0,0.0,192.0,0.0,1056.0,809.0,1.3862943611198906,15.87,0.4383473566440544,1865.0,349.0,0.0,0.0,5.343839541547278
349.0,0.0,0.0,192.0,0.0,1056.0,809.0,2.0794415416798357,9.01,0.4383473566440544,1865.0,349.0,0.0,0.0,5.343839541547278
349.0,0.0,0.0,192.0,0.0,1056.0,809.0,3.367295829986474,33.61,0.4383473566440544,1865.0,349.0,0.0,0.0,5.343839541547278
349.0,0.0,0.0,192.0,0.0,1056.0,809.0,4.51085950651685,40.66,0.4383473566440544,1865.0,349.0,0.0,0.0,5.343839541547278
349.0,0.0,0.0,192.0,0.0,1056.0,809.0,4.795790545596741,40.86,0.4383473566440544,1865.0,349.0,0.0,0.0,5.343839541547278
238.0,0.0,0.0,186.0,0.0,1119.0,789.0,2.0794415416798357,12.05,0.5774627815604831,1908.0,238.0,0.0,0.0,8.016806722689076
238.0,0.0,0.0,186.0,0.0,1119.0,789.0,3.367295829986474,17.54,0.5774627815604831,1908.0,238.0,0.0,0.0,8.016806722689076
296.0,0.0,0.0,186.0,0.0,1090.0,769.0,2.0794415416798357,18.91,0.48758465972653997,1859.0,296.0,0.0,0.0,6.280405405405405
296.0,0.0,0.0,186.0,0.0,1090.0,769.0,3.367295829986474,25.18,0.48758465972653997,1859.0,296.0,0.0,0.0,6.280405405405405
297.0,0.0,0.0,186.0,0.0,1040.0,734.0,2.0794415416798357,30.96,0.4862845148498731,1774.0,297.0,0.0,0.0,5.973063973063973
480.0,0.0,0.0,192.0,0.0,936.0,721.0,3.367295829986474,43.89,0.33647223662121295,1657.0,480.0,0.0,0.0,3.4520833333333334
480.0,0.0,0.0,192.0,0.0,936.0,721.0,4.51085950651685,54.28,0.33647223662121295,1657.0,480.0,0.0,0.0,3.4520833333333334
397.0,0.0,0.0,186.0,0.0,1040.0,734.0,3.367295829986474,36.94,0.384250905663302,1774.0,397.0,0.0,0.0,4.468513853904282
281.0,0.0,0.0,186.0,0.0,1104.0,774.0,2.0794415416798357,14.5,0.5079745883351515,1878.0,281.0,0.0,0.0,6.683274021352313
281.0,0.0,0.0,185.0,0.0,1104.0,774.0,3.367295829986474,22.44,0.5058309647919002,1878.0,281.0,0.0,0.0,6.683274021352313
500.0,0.0,0.0,200.0,0.0,1125.0,613.0,0.6931471805599453,12.64,0.33647223662121295,1738.0,500.0,0.0,0.0,3.476
500.0,0.0,0.0,200.0,0.0,1125.0,613.0,1.3862943611198906,26.06,0.33647223662121295,1738.0,500.0,0.0,0.0,3.476
500.0,0.0,0.0,200.0,0.0,1125.0,613.0,2.0794415416798357,33.21,0.33647223662121295,1738.0,500.0,0.0,0.0,3.476
500.0,0.0,0.0,200.0,0.0,1125.0,613.0,2.70805020110221,36.94,0.33647223662121295,1738.0,500.0,0.0,0.0,3.476
500.0,0.0,0.0,200.0,0.0,1125.0,613.0,3.367295829986474,44.09,0.33647223662121295,1738.0,500.0,0.0,0.0,3.476
540.0,0.0,0.0,173.0,0.0,1125.0,613.0,2.0794415416798357,52.61,0.27791228085597586,1738.0,540.0,0.0,0.0,3.2185185185185183
540.0,0.0,0.0,173.0,0.0,1125.0,613.0,2.70805020110221,59.76,0.27791228085597586,1738.0,540.0,0.0,0.0,3.2185185185185183
540.0,0.0,0.0,173.0,0.0,1125.0,613.0,3.367295829986474,67.31,0.27791228085597586,1738.0,540.0,0.0,0.0,3.2185185185185183
540.0,0.0,0.0,173.0,0.0,1125.0,613.0,4.51085950651685,69.66,0.27791228085597586,1738.0,540.0,0.0,0.0,3.2185185185185183
540.0,0.0,0.0,173.0,0.0,1125.0,613.0,5.198497031265826,71.62,0.27791228085597586,1738.0,540.0,0.0,0.0,3.2185185185185183
540.0,0.0,0.0,173.0,0.0,1125.0,613.0,5.602118820879701,74.17,0.27791228085597586,1738.0,540.0,0.0,0.0,3.2185185185185183
350.0,0.0,0.0,203.0,0.0,974.0,775.0,2.0794415416798357,18.13,0.4574248470388754,1749.0,350.0,0.0,0.0,4.997142857142857
350.0,0.0,0.0,203.0,0.0,974.0,775.0,2.70805020110221,22.53,0.4574248470388754,1749.0,350.0,0.0,0.0,4.997142857142857
350.0,0.0,0.0,203.0,0.0,974.0,775.0,3.367295829986474,27.34,0.4574248470388754,1749.0,350.0,0.0,0.0,4.997142857142857
350.0,0.0,0.0,203.0,0.0,974.0,775.0,4.04305126783455,29.98,0.4574248470388754,1749.0,350.0,0.0,0.0,4.997142857142857
350.0,0.0,0.0,203.0,0.0,974.0,775.0,4.51085950651685,31.35,0.4574248470388754,1749.0,350.0,0.0,0.0,4.997142857142857
350.0,0.0,0.0,203.0,0.0,974.0,775.0,5.198497031265826,32.72,0.4574248470388754,1749.0,350.0,0.0,0.0,4.997142857142857
385.0,0.0,0.0,186.0,0.0,966.0,763.0,0.6931471805599453,6.27,0.394145875368226,1729.0,385.0,0.0,0.0,4.490909090909091
385.0,0.0,0.0,186.0,0.0,966.0,763.0,1.3862943611198906,14.7,0.394145875368226,1729.0,385.0,0.0,0.0,4.490909090909091
385.0,0.0,0.0,186.0,0.0,966.0,763.0,2.0794415416798357,23.22,0.394145875368226,1729.0,385.0,0.0,0.0,4.490909090909091
385.0,0.0,0.0,186.0,0.0,966.0,763.0,2.70805020110221,27.92,0.394145875368226,1729.0,385.0,0.0,0.0,4.490909090909091
385.0,0.0,0.0,186.0,0.0,966.0,763.0,3.367295829986474,31.35,0.394145875368226,1729.0,385.0,0.0,0.0,4.490909090909091
331.0,0.0,0.0,192.0,0.0,978.0,825.0,5.198497031265826,39.0,0.45746308868786,1803.0,331.0,0.0,0.0,5.447129909365559
331.0,0.0,0.0,192.0,0.0,978.0,825.0,5.8888779583328805,41.24,0.45746308868786,1803.0,331.0,0.0,0.0,5.447129909365559
349.0,0.0,0.0,192.0,0.0,1047.0,806.0,1.3862943611198906,14.99,0.4383473566440544,1853.0,349.0,0.0,0.0,5.30945558739255
331.0,0.0,0.0,192.0,0.0,978.0,825.0,1.3862943611198906,13.52,0.45746308868786,1803.0,331.0,0.0,0.0,5.447129909365559
382.0,0.0,0.0,186.0,0.0,1047.0,739.0,2.0794415416798357,24.0,0.3967008101145762,1786.0,382.0,0.0,0.0,4.675392670157068
382.0,0.0,0.0,186.0,0.0,1047.0,739.0,3.367295829986474,37.42,0.3967008101145762,1786.0,382.0,0.0,0.0,4.675392670157068
382.0,0.0,0.0,186.0,0.0,1111.0,784.0,2.0794415416798357,11.47,0.3967008101145762,1895.0,382.0,0.0,0.0,4.960732984293194
281.0,0.0,0.0,186.0,0.0,1104.0,774.0,3.367295829986474,22.44,0.5079745883351515,1878.0,281.0,0.0,0.0,6.683274021352313
339.0,0.0,0.0,185.0,0.0,1069.0,754.0,2.0794415416798357,21.16,0.43549157694059193,1823.0,339.0,0.0,0.0,5.377581120943953
339.0,0.0,0.0,185.0,0.0,1069.0,754.0,3.367295829986474,31.84,0.43549157694059193,1823.0,339.0,0.0,0.0,5.377581120943953
295.0,0.0,0.0,185.0,0.0,1069.0,769.0,2.0794415416798357,14.8,0.4868107475621168,1838.0,295.0,0.0,0.0,6.230508474576271
295.0,0.0,0.0,185.0,0.0,1069.0,769.0,3.367295829986474,25.18,0.4868107475621168,1838.0,295.0,0.0,0.0,6.230508474576271
238.0,0.0,0.0,185.0,0.0,1118.0,789.0,3.367295829986474,17.54,0.5751015053748033,1907.0,238.0,0.0,0.0,8.012605042016807
296.0,0.0,0.0,192.0,0.0,1085.0,765.0,2.0794415416798357,14.2,0.49995595152908684,1850.0,296.0,0.0,0.0,6.25
296.0,0.0,0.0,192.0,0.0,1085.0,765.0,3.367295829986474,21.65,0.49995595152908684,1850.0,296.0,0.0,0.0,6.25
296.0,0.0,0.0,192.0,0.0,1085.0,765.0,4.51085950651685,29.39,0.49995595152908684,1850.0,296.0,0.0,0.0,6.25
331.0,0.0,0.0,192.0,0.0,879.0,825.0,1.3862943611198906,13.52,0.45746308868786,1704.0,331.0,0.0,0.0,5.148036253776435
331.0,0.0,0.0,192.0,0.0,978.0,825.0,2.0794415416798357,16.26,0.45746308868786,1803.0,331.0,0.0,0.0,5.447129909365559
331.0,0.0,0.0,192.0,0.0,978.0,825.0,3.367295829986474,31.45,0.45746308868786,1803.0,331.0,0.0,0.0,5.447129909365559
331.0,0.0,0.0,192.0,0.0,978.0,825.0,4.51085950651685,37.23,0.45746308868786,1803.0,331.0,0.0,0.0,5.447129909365559
349.0,0.0,0.0,192.0,0.0,1047.0,806.0,2.0794415416798357,18.13,0.4383473566440544,1853.0,349.0,0.0,0.0,5.30945558739255
349.0,0.0,0.0,192.0,0.0,1047.0,806.0,3.367295829986474,32.72,0.4383473566440544,1853.0,349.0,0.0,0.0,5.30945558739255
349.0,0.0,0.0,192.0,0.0,1047.0,806.0,4.51085950651685,39.49,0.4383473566440544,1853.0,349.0,0.0,0.0,5.30945558739255
349.0,0.0,0.0,192.0,0.0,1047.0,806.0,5.198497031265826,41.05,0.4383473566440544,1853.0,349.0,0.0,0.0,5.30945558739255
349.0,0.0,0.0,192.0,0.0,1047.0,806.0,5.8888779583328805,42.13,0.4383473566440544,1853.0,349.0,0.0,0.0,5.30945558739255
302.0,0.0,0.0,203.0,0.0,974.0,817.0,2.70805020110221,18.13,0.5141314119004902,1791.0,302.0,0.0,0.0,5.930463576158941
302.0,0.0,0.0,203.0,0.0,974.0,817.0,5.198497031265826,26.74,0.5141314119004902,1791.0,302.0,0.0,0.0,5.930463576158941
525.0,0.0,0.0,189.0,0.0,1125.0,613.0,5.198497031265826,61.92,0.3074846997479606,1738.0,525.0,0.0,0.0,3.3104761904761904
500.0,0.0,0.0,200.0,0.0,1125.0,613.0,4.51085950651685,47.22,0.33647223662121295,1738.0,500.0,0.0,0.0,3.476
500.0,0.0,0.0,200.0,0.0,1125.0,613.0,5.198497031265826,51.04,0.33647223662121295,1738.0,500.0,0.0,0.0,3.476
500.0,0.0,0.0,200.0,0.0,1125.0,613.0,5.602118820879701,55.16,0.33647223662121295,1738.0,500.0,0.0,0.0,3.476
540.0,0.0,0.0,173.0,0.0,1125.0,613.0,1.3862943611198906,41.64,0.27791228085597586,1738.0,540.0,0.0,0.0,3.2185185185185183
252.0,0.0,0.0,185.0,0.0,1111.0,784.0,2.0794415416798357,13.71,0.5505041075841668,1895.0,252.0,0.0,0.0,7.51984126984127
252.0,0.0,0.0,185.0,0.0,1111.0,784.0,3.367295829986474,19.69,0.5505041075841668,1895.0,252.0,0.0,0.0,7.51984126984127
339.0,0.0,0.0,185.0,0.0,1060.0,754.0,3.367295829986474,31.65,0.43549157694059193,1814.0,339.0,0.0,0.0,5.351032448377581
393.0,0.0,0.0,192.0,0.0,940.0,758.0,1.3862943611198906,19.11,0.39780223536259524,1698.0,393.0,0.0,0.0,4.320610687022901
393.0,0.0,0.0,192.0,0.0,940.0,758.0,3.367295829986474,39.58,0.39780223536259524,1698.0,393.0,0.0,0.0,4.320610687022901
393.0,0.0,0.0,192.0,0.0,940.0,758.0,4.51085950651685,48.79,0.39780223536259524,1698.0,393.0,0.0,0.0,4.320610687022901
382.0,0.0,0.0,185.0,0.0,1047.0,739.0,2.0794415416798357,24.0,0.3949386951211769,1786.0,382.0,0.0,0.0,4.675392670157068
382.0,0.0,0.0,185.0,0.0,1047.0,739.0,3.367295829986474,37.42,0.3949386951211769,1786.0,382.0,0.0,0.0,4.675392670157068
252.0,0.0,0.0,186.0,0.0,1111.0,784.0,2.0794415416798357,11.47,0.5527898228650229,1895.0,252.0,0.0,0.0,7.51984126984127
310.0,0.0,0.0,192.0,0.0,970.0,850.0,2.0794415416798357,14.99,0.48202782221253726,1820.0,310.0,0.0,0.0,5.870967741935484
310.0,0.0,0.0,192.0,0.0,970.0,850.0,3.367295829986474,27.92,0.48202782221253726,1820.0,310.0,0.0,0.0,5.870967741935484
310.0,0.0,0.0,192.0,0.0,970.0,850.0,4.51085950651685,34.68,0.48202782221253726,1820.0,310.0,0.0,0.0,5.870967741935484
310.0,0.0,0.0,192.0,0.0,970.0,850.0,5.198497031265826,37.33,0.48202782221253726,1820.0,310.0,0.0,0.0,5.870967741935484
310.0,0.0,0.0,192.0,0.0,970.0,850.0,5.8888779583328805,38.11,0.48202782221253726,1820.0,310.0,0.0,0.0,5.870967741935484
525.0,0.0,0.0,189.0,0.0,1125.0,613.0,1.3862943611198906,33.8,0.3074846997479606,1738.0,525.0,0.0,0.0,3.3104761904761904
525.0,0.0,0.0,189.0,0.0,1125.0,613.0,2.0794415416798357,42.42,0.3074846997479606,1738.0,525.0,0.0,0.0,3.3104761904761904
525.0,0.0,0.0,189.0,0.0,1125.0,613.0,2.70805020110221,48.4,0.3074846997479606,1738.0,525.0,0.0,0.0,3.3104761904761904
525.0,0.0,0.0,189.0,0.0,1125.0,613.0,3.367295829986474,55.94,0.3074846997479606,1738.0,525.0,0.0,0.0,3.3104761904761904
525.0,0.0,0.0,189.0,0.0,1125.0,613.0,4.51085950651685,58.78,0.3074846997479606,1738.0,525.0,0.0,0.0,3.3104761904761904
525.0,0.0,0.0,189.0,0.0,1125.0,613.0,5.602118820879701,67.11,0.3074846997479606,1738.0,525.0,0.0,0.0,3.3104761904761904
322.0,0.0,0.0,203.0,0.0,974.0,800.0,2.70805020110221,20.77,0.48884671704721544,1774.0,322.0,0.0,0.0,5.509316770186335
322.0,0.0,0.0,203.0,0.0,974.0,800.0,3.367295829986474,25.18,0.48884671704721544,1774.0,322.0,0.0,0.0,5.509316770186335
322.0,0.0,0.0,203.0,0.0,974.0,800.0,5.198497031265826,29.59,0.48884671704721544,1774.0,322.0,0.0,0.0,5.509316770186335
302.0,0.0,0.0,203.0,0.0,974.0,817.0,3.367295829986474,21.75,0.5141314119004902,1791.0,302.0,0.0,0.0,5.930463576158941
397.0,0.0,0.0,185.0,0.0,1040.0,734.0,3.367295829986474,39.09,0.3825341670442474,1774.0,397.0,0.0,0.0,4.468513853904282
480.0,0.0,0.0,192.0,0.0,936.0,721.0,1.3862943611198906,24.39,0.33647223662121295,1657.0,480.0,0.0,0.0,3.4520833333333334
522.0,0.0,0.0,146.0,0.0,896.0,896.0,2.0794415416798357,50.51,0.246620585654007,1792.0,522.0,0.0,0.0,3.4329501915708813
522.0,0.0,0.0,146.0,0.0,896.0,896.0,3.367295829986474,74.99,0.246620585654007,1792.0,522.0,0.0,0.0,3.4329501915708813
273.0,4.663439094112067,4.418840607796598,210.0,2.302585092994046,904.0,680.0,3.367295829986474,37.17,0.570544858467613,1584.0,460.0,0.20559924166330024,0.1640395119565055,3.4434782608695653
162.0,5.25227342804663,5.003946305945459,179.0,2.995732273553991,838.0,741.0,3.367295829986474,33.76,0.7442861420511327,1579.0,500.0,0.3220834991691133,0.2592825979300829,3.158
154.0,4.976733742420574,4.727387818712341,220.0,2.3978952727983707,923.0,658.0,3.367295829986474,16.5,0.8873031950009028,1581.0,410.0,0.3010075270489303,0.24151042818428525,3.8560975609756096
147.0,4.7535901911063645,4.499809670330265,202.0,2.302585092994046,860.0,829.0,3.367295829986474,19.99,0.8646393354236909,1689.0,351.0,0.2833994106597801,0.22598850344644106,4.811965811965812
152.0,5.187385805840755,4.941642422609304,168.0,2.9444389791664403,944.0,695.0,3.367295829986474,36.35,0.7444404749474959,1639.0,469.0,0.3217435260546212,0.2595721135198876,3.4946695095948828
310.0,4.969813299576001,4.718498871295094,168.0,3.1354942159291497,914.0,651.0,3.367295829986474,33.69,0.4330384350122641,1565.0,564.0,0.22597641439851388,0.17965843937447093,2.774822695035461
144.0,0.0,5.170483995038151,158.0,2.9444389791664403,943.0,844.0,3.367295829986474,15.42,0.7406137177988691,1787.0,319.0,0.0,0.4373444144030779,5.601880877742946
304.0,4.948759890378168,0.0,214.0,1.9459101490553132,895.0,722.0,3.367295829986474,33.42,0.5329475408532613,1617.0,444.0,0.27407642039600233,0.0,3.641891891891892
374.0,0.0,0.0,190.0,2.0794415416798357,1013.0,730.0,3.367295829986474,39.05,0.410798454083527,1743.0,374.0,0.0,0.0,4.660427807486631
159.0,5.0106352940962555,4.762173934797756,175.0,2.772588722239781,953.0,720.0,3.367295829986474,27.68,0.7422367907564689,1673.0,424.0,0.30115226148278185,0.2418356843263623,3.9457547169811322
153.0,5.480638923341991,0.0,200.0,1.9459101490553132,1002.0,684.0,3.367295829986474,26.86,0.8360301355408614,1686.0,392.0,0.47604402275075064,0.0,4.301020408163265
310.0,4.969813299576001,0.0,168.0,2.3978952727983707,914.0,804.0,3.367295829986474,45.3,0.4330384350122641,1718.0,453.0,0.27434854158231575,0.0,3.792494481236203
305.0,0.0,4.61512051684126,196.0,2.3978952727983707,959.0,705.0,3.367295829986474,30.12,0.4962943244774532,1664.0,405.0,0.0,0.22067136216882066,4.108641975308642
151.0,0.0,5.220355825078324,167.0,2.5649493574615367,991.0,772.0,3.367295829986474,15.57,0.7447715459652525,1763.0,335.0,0.0,0.4377733513408222,5.262686567164179
142.0,5.123963979403259,4.875197323201151,174.0,2.4849066497880004,883.0,785.0,3.367295829986474,44.61,0.7999151559856513,1668.0,439.0,0.32238057299414313,0.25938102105115957,3.7995444191343966
298.0,4.927253685157205,4.68213122712422,201.0,1.9459101490553132,878.0,655.0,3.367295829986474,53.52,0.5155126092461142,1533.0,542.0,0.22535512611904993,0.18016671526444378,2.8284132841328415
321.0,5.10594547390058,0.0,190.0,1.791759469228055,870.0,774.0,3.367295829986474,57.21,0.4649284670736885,1644.0,485.0,0.29128382576660683,0.0,3.3896907216494845
366.0,5.236441962829949,0.0,191.0,2.0794415416798357,824.0,757.0,3.367295829986474,65.91,0.4199319065259178,1581.0,553.0,0.29129218467588064,0.0,2.8589511754068715
280.0,4.867534450455582,4.61512051684126,172.0,2.302585092994046,825.0,805.0,3.367295829986474,52.82,0.47889257666298163,1630.0,509.0,0.22589026679426716,0.17937025115937427,3.2023575638506876
252.0,4.584967478670572,4.343805421853684,194.0,2.1972245773362196,835.0,821.0,3.367295829986474,33.4,0.5708898645086409,1656.0,425.0,0.20557841895822188,0.16451693216044797,3.896470588235294
165.0,0.0,5.017279836814924,182.0,2.5649493574615367,1023.0,729.0,3.367295829986474,18.03,0.7433793060462786,1752.0,315.0,0.0,0.38946476676172326,5.561904761904762
156.0,5.497168225293202,0.0,180.0,2.4849066497880004,1022.0,698.0,3.367295829986474,37.36,0.7672551527136672,1720.0,399.0,0.47562688680009774,0.0,4.31077694235589
160.0,5.241747015059643,4.990432586778736,203.0,2.4849066497880004,829.0,710.0,3.367295829986474,32.84,0.8192290190310239,1539.0,494.0,0.32249414065553955,0.25893265916579505,3.1153846153846154
298.0,0.0,4.68213122712422,186.0,1.9459101490553132,879.0,815.0,3.367295829986474,42.64,0.48499142021122726,1694.0,405.0,0.0,0.23443755793296864,4.182716049382716
318.0,0.0,4.844187086458591,210.0,1.9459101490553132,861.0,737.0,3.367295829986474,40.06,0.5070449009260846,1598.0,444.0,0.0,0.24981179839637108,3.599099099099099
287.0,4.804021044733257,4.553876891600541,188.0,2.302585092994046,904.0,696.0,3.367295829986474,41.94,0.5038325882750201,1600.0,502.0,0.21594639909572397,0.17164054737362056,3.187250996015936
326.0,5.117993812416755,0.0,174.0,2.302585092994046,882.0,790.0,3.367295829986474,61.23,0.42771071705548414,1672.0,492.0,0.2907262148330091,0.0,3.3983739837398375
356.0,0.0,4.962844630259907,193.0,2.4849066497880004,801.0,778.0,3.367295829986474,40.87,0.4331677106575002,1579.0,498.0,0.0,0.2508680993290646,3.1706827309236947
132.0,5.337538079701318,5.087596335232384,179.0,1.791759469228055,867.0,736.0,3.367295829986474,33.3,0.8569909895928632,1603.0,500.0,0.346422567474381,0.27914574142949455,3.206
322.0,5.0106352940962555,0.0,186.0,2.1972245773362196,951.0,709.0,3.367295829986474,52.42,0.4559299020340736,1660.0,471.0,0.2748613840227195,0.0,3.524416135881104
164.0,0.0,5.303304908059076,181.0,2.6390573296152584,849.0,846.0,3.367295829986474,15.09,0.7436779892071614,1695.0,364.0,0.0,0.43790038386131824,4.656593406593407
314.0,0.0,4.736198448394496,170.0,2.3978952727983707,925.0,783.0,3.367295829986474,38.46,0.43269192080837837,1708.0,427.0,0.0,0.2347851263296955,4.0
321.0,0.0,4.859812404361672,182.0,2.4849066497880004,870.0,780.0,3.367295829986474,37.26,0.4491490469697233,1650.0,449.0,0.0,0.25081937876584526,3.6748329621380846
140.0,5.10594547390058,4.859812404361672,237.0,1.9459101490553132,869.0,656.0,3.367295829986474,35.23,0.9906027648387065,1525.0,432.0,0.3218150788212395,0.2595111954850846,3.5300925925925926
288.0,4.804021044733257,0.0,177.0,2.0794415416798357,908.0,829.0,3.367295829986474,42.13,0.4790769254514104,1737.0,409.0,0.25916185050336576,0.0,4.2469437652811735
298.0,0.0,4.68213122712422,210.0,2.4849066497880004,880.0,744.0,3.367295829986474,31.87,0.5333879610730774,1624.0,405.0,0.0,0.23443755793296864,4.009876543209876
265.0,4.718498871295094,4.465908118654584,195.0,1.9459101490553132,833.0,790.0,3.367295829986474,41.54,0.5514966634969184,1623.0,462.0,0.2153208256330007,0.17071039586627668,3.512987012987013
160.0,5.5254529391317835,0.0,168.0,2.5649493574615367,1049.0,688.0,3.367295829986474,39.45,0.7178397931503169,1737.0,410.0,0.47608267532211773,0.0,4.236585365853658
166.0,5.564520407322694,0.0,183.0,2.6390573296152584,859.0,827.0,3.367295829986474,37.91,0.7430841338458839,1686.0,426.0,0.4764382814565148,0.0,3.9577464788732395
276.0,4.762173934797756,4.51085950651685,180.0,2.302585092994046,870.0,768.0,3.367295829986474,44.28,0.5020919437972361,1638.0,482.0,0.21564663990003144,0.1711948773291976,3.3983402489626555
322.0,0.0,4.762173934797756,196.0,2.3978952727983707,818.0,813.0,3.367295829986474,31.18,0.4754236967150748,1631.0,438.0,0.0,0.23494577637083766,3.723744292237443
149.0,4.941642422609304,4.700480365792417,193.0,1.9459101490553132,892.0,780.0,3.367295829986474,23.69,0.830864431117146,1672.0,397.0,0.30019788038361156,0.24260038860027514,4.211586901763225
159.0,5.236441962829949,0.0,176.0,2.4849066497880004,990.0,789.0,3.367295829986474,32.76,0.7452263296048349,1779.0,346.0,0.43208264910812033,0.0,5.141618497109826
261.0,4.61512051684126,4.3694478524670215,201.0,2.302585092994046,864.0,761.0,3.367295829986474,32.4,0.5710444837590455,1625.0,439.0,0.2052161578338258,0.16354346143325776,3.701594533029613
237.0,4.532599493153256,4.276666119016055,247.0,1.9459101490553132,853.0,695.0,3.367295829986474,28.63,0.7140247655815005,1548.0,400.0,0.20701416938432615,0.16339354690843574,3.87
313.0,0.0,4.736198448394496,178.0,2.1972245773362196,1002.0,689.0,3.367295829986474,36.8,0.45024093725436737,1691.0,426.0,0.0,0.23527622463962675,3.9694835680751175
155.0,5.214935757608986,0.0,193.0,2.302585092994046,1047.0,697.0,3.367295829986474,18.28,0.8087773628552277,1744.0,338.0,0.43270414627034814,0.0,5.159763313609467
146.0,5.442417710521793,0.0,202.0,1.3862943611198906,827.0,872.0,3.367295829986474,33.06,0.8685958580661379,1699.0,376.0,0.4772908426794199,0.0,4.5186170212765955
296.0,0.0,4.68213122712422,221.0,2.4849066497880004,819.0,778.0,3.367295829986474,31.42,0.5576834201843688,1597.0,403.0,0.0,0.2354741637716885,3.9627791563275436
133.0,5.351858133476067,0.0,196.0,1.3862943611198906,949.0,795.0,3.367295829986474,31.03,0.9057086225436181,1744.0,343.0,0.47762755435639487,0.0,5.084548104956268
313.0,4.983606621708336,0.0,178.0,2.1972245773362196,867.0,824.0,3.367295829986474,44.39,0.45024093725436737,1691.0,458.0,0.2750480126130005,0.0,3.6921397379912664
152.0,0.0,4.727387818712341,184.0,2.1972245773362196,992.0,816.0,3.367295829986474,12.18,0.7932306391169278,1808.0,264.0,0.0,0.35364004024357837,6.848484848484849
153.0,4.983606621708336,4.736198448394496,178.0,2.1972245773362196,1002.0,689.0,3.367295829986474,25.56,0.7716804539846275,1691.0,411.0,0.3021750797543478,0.24289846982480756,4.114355231143552
140.0,4.897839799950911,4.6443908991413725,200.0,2.0794415416798357,916.0,753.0,3.367295829986474,36.44,0.8873031950009028,1669.0,376.0,0.3028588731606282,0.24211145402102072,4.4388297872340425
149.0,5.4680601411351315,0.0,176.0,2.6390573296152584,847.0,893.0,3.367295829986474,32.96,0.7798788763842783,1740.0,385.0,0.4780877476456945,0.0,4.51948051948052
300.0,0.0,4.795790545596741,212.0,2.3978952727983707,878.0,728.0,3.367295829986474,23.84,0.5345421503833068,1606.0,420.0,0.0,0.2513144282809061,3.823809523809524
153.0,4.983606621708336,4.736198448394496,178.0,2.1972245773362196,867.0,824.0,3.367295829986474,26.23,0.7716804539846275,1691.0,411.0,0.3021750797543478,0.24289846982480756,4.114355231143552
148.0,0.0,4.927253685157205,158.0,2.833213344056216,1002.0,830.0,3.367295829986474,17.95,0.7263728281882657,1832.0,285.0,0.0,0.3925161337673613,6.428070175438597
326.0,0.0,4.9344739331306915,199.0,2.4849066497880004,801.0,792.0,3.367295829986474,40.68,0.47650088122491613,1593.0,464.0,0.0,0.2603728930825658,3.4331896551724137
153.0,4.983606621708336,0.0,178.0,2.1972245773362196,1000.0,822.0,3.367295829986474,19.01,0.7716804539846275,1822.0,298.0,0.3964762835397312,0.0,6.114093959731544
262.0,4.718498871295094,4.465908118654584,195.0,1.791759469228055,895.0,733.0,3.367295829986474,33.72,0.5563388871331079,1628.0,459.0,0.21658615076805068,0.1717355846026989,3.5468409586056646
158.0,0.0,5.278114659230517,220.0,2.4849066497880004,898.0,713.0,3.367295829986474,8.54,0.8722991625926209,1611.0,353.0,0.0,0.4398072300147187,4.563739376770538
151.0,0.0,5.225746673713202,167.0,2.833213344056216,1074.0,678.0,3.367295829986474,13.46,0.7447715459652525,1752.0,336.0,0.0,0.4386388817901627,5.214285714285714
273.0,0.0,4.51085950651685,199.0,2.4849066497880004,931.0,762.0,3.367295829986474,32.24,0.5475071904005956,1693.0,363.0,0.0,0.22148929121818323,4.663911845730028
149.0,4.77912349311153,4.532599493153256,183.0,2.0794415416798357,953.0,780.0,3.367295829986474,23.52,0.8011886629710293,1733.0,359.0,0.2841941024000623,0.2281449510143995,4.827298050139276
143.0,5.135798437050262,4.969813299576001,191.0,2.1972245773362196,967.0,643.0,3.367295829986474,29.72,0.8482963627167931,1610.0,455.0,0.31585294941847725,0.27329333499968134,3.5384615384615383
260.0,4.624972813284271,4.3694478524670215,171.0,2.3978952727983707,936.0,763.0,3.367295829986474,49.77,0.5054264590882201,1699.0,439.0,0.20706972648314872,0.16354346143325776,3.870159453302961
313.0,5.087596335232384,0.0,178.0,2.3978952727983707,917.0,759.0,3.367295829986474,52.44,0.45024093725436737,1676.0,474.0,0.2924176771976152,0.0,3.5358649789029535
284.0,4.795790545596741,0.0,168.0,2.0794415416798357,970.0,794.0,3.367295829986474,40.93,0.46470794167102514,1764.0,404.0,0.26007680635989205,0.0,4.366336633663367
336.0,0.0,0.0,182.0,1.3862943611198906,986.0,817.0,3.367295829986474,44.86,0.43286408229627876,1803.0,336.0,0.0,0.0,5.366071428571429
145.0,0.0,4.90527477843843,181.0,2.4849066497880004,979.0,812.0,3.367295829986474,13.2,0.8101636389461333,1791.0,279.0,0.0,0.3922358111396671,6.419354838709677
150.0,5.472270673671475,0.0,174.0,2.5649493574615367,1069.0,675.0,3.367295829986474,37.43,0.7701082216960736,1744.0,387.0,0.4777256753396458,0.0,4.506459948320414
144.0,5.14166355650266,4.897839799950911,192.0,2.1972245773362196,814.0,805.0,3.367295829986474,29.87,0.8472978603872036,1619.0,447.0,0.322310429291819,0.2604695089268962,3.621923937360179
331.0,5.14166355650266,0.0,195.0,2.1972245773362196,811.0,802.0,3.367295829986474,56.61,0.4631828373606469,1613.0,501.0,0.292163035886817,0.0,3.219560878243513
155.0,0.0,4.969813299576001,193.0,2.302585092994046,1047.0,697.0,3.367295829986474,12.46,0.8087773628552277,1744.0,298.0,0.0,0.39195138894144155,5.852348993288591
155.0,5.214935757608986,0.0,193.0,2.302585092994046,877.0,868.0,3.367295829986474,23.79,0.8087773628552277,1745.0,338.0,0.43270414627034814,0.0,5.162721893491124
135.0,0.0,5.117993812416755,180.0,2.3978952727983707,961.0,805.0,3.367295829986474,13.29,0.8472978603872036,1766.0,301.0,0.0,0.43921899292002153,5.867109634551495
266.0,4.727387818712341,4.477336814478207,178.0,2.3978952727983707,910.0,745.0,3.367295829986474,39.42,0.5123282536505257,1655.0,465.0,0.21580486092074327,0.171510640689739,3.5591397849462365
314.0,4.983606621708336,4.736198448394496,179.0,2.1972245773362196,869.0,690.0,3.367295829986474,46.23,0.4511161881344367,1559.0,572.0,0.22593684921982243,0.1802798468824274,2.7255244755244754
313.0,4.983606621708336,0.0,127.0,2.1972245773362196,1000.0,822.0,3.367295829986474,44.52,0.3405715363721536,1822.0,458.0,0.2750480126130005,0.0,3.978165938864629
146.0,5.159055299214529,0.0,182.0,1.3862943611198906,986.0,817.0,3.367295829986474,23.74,0.8094069866758073,1803.0,319.0,0.4332876137074636,0.0,5.652037617554859
144.0,4.919980925828125,4.672828834461906,178.0,2.0794415416798357,941.0,774.0,3.367295829986474,26.14,0.8047382459684077,1715.0,386.0,0.3018302184178078,0.24264134702747725,4.44300518134715
148.0,0.0,5.209486152841421,181.0,2.772588722239781,839.0,884.0,3.367295829986474,15.52,0.7988454770012569,1723.0,330.0,0.0,0.4392319705789819,5.221212121212122
277.0,4.770684624465665,4.5217885770490405,191.0,2.0794415416798357,946.0,666.0,3.367295829986474,43.57,0.5244507897303082,1612.0,485.0,0.21610855437133783,0.17195876975840804,3.3237113402061857
298.0,0.0,4.68213122712422,164.0,2.6390573296152584,953.0,784.0,3.367295829986474,35.86,0.4384714045763344,1737.0,405.0,0.0,0.23443755793296864,4.288888888888889
313.0,4.983606621708336,0.0,178.0,2.1972245773362196,1002.0,689.0,3.367295829986474,41.05,0.45024093725436737,1691.0,458.0,0.2750480126130005,0.0,3.6921397379912664
155.0,5.220355825078324,4.969813299576001,194.0,2.302585092994046,880.0,699.0,3.367295829986474,28.99,0.8116468052831806,1579.0,482.0,0.3233455564897888,0.25980753568580117,3.275933609958506
289.0,4.90527477843843,0.0,195.0,1.9459101490553132,924.0,760.0,3.367295829986474,46.24,0.5156582186041996,1684.0,423.0,0.27519306088100604,0.0,3.9810874704491725
148.0,5.170483995038151,0.0,171.0,1.0986122886681098,1000.0,828.0,3.367295829986474,26.92,0.7679788290207296,1828.0,323.0,0.4329477538019964,0.0,5.659442724458204
145.0,0.0,5.19295685089021,202.0,2.1972245773362196,824.0,869.0,3.367295829986474,10.54,0.8725910375262848,1693.0,324.0,0.0,0.4398466543074098,5.2253086419753085
313.0,0.0,0.0,178.0,2.1972245773362196,1000.0,822.0,3.367295829986474,25.1,0.45024093725436737,1822.0,313.0,0.0,0.0,5.821086261980831
136.0,5.093750200806762,4.844187086458591,172.0,2.3978952727983707,923.0,764.0,3.367295829986474,29.07,0.8174448972375224,1687.0,424.0,0.3235863343450549,0.2601848229945588,3.9787735849056602
155.0,0.0,4.969813299576001,193.0,2.302585092994046,877.0,868.0,3.367295829986474,9.74,0.8087773628552277,1745.0,298.0,0.0,0.39195138894144155,5.855704697986577
255.0,4.605170185988092,4.356708826689592,189.0,1.9459101490553132,919.0,749.0,3.367295829986474,33.8,0.5545610172737986,1668.0,431.0,0.20676891644241974,0.1643733574747341,3.8700696055684456
162.0,5.337538079701318,5.153291594497779,216.0,2.3978952727983707,822.0,638.0,3.367295829986474,39.84,0.8472978603872036,1460.0,541.0,0.32398369912799574,0.27606214156781445,2.698706099815157
136.0,5.2832037287379885,4.59511985013459,199.0,1.9459101490553132,847.0,783.0,3.367295829986474,26.97,0.9014756460890144,1630.0,430.0,0.37556516241249044,0.2053110750186534,3.7906976744186047
164.0,5.099866427824199,4.859812404361672,197.0,2.1972245773362196,961.0,641.0,3.367295829986474,27.23,0.7890115305086824,1602.0,455.0,0.30619103850674034,0.24788976739954197,3.520879120879121
162.0,5.3706380281276624,5.10594547390058,202.0,2.3978952727983707,820.0,680.0,3.367295829986474,30.65,0.8095575324043566,1500.0,540.0,0.333823228449636,0.2652092165997223,2.7777777777777777
157.0,5.3706380281276624,5.030437921392435,200.0,2.302585092994046,819.0,704.0,3.367295829986474,33.05,0.821489976431331,1523.0,523.0,0.3430064281244137,0.2551312268076069,2.9120458891013383
149.0,5.0369526024136295,5.272999558563747,192.0,2.1972245773362196,935.0,623.0,3.367295829986474,24.58,0.8279361713380576,1558.0,496.0,0.2688567899791625,0.33011567086637755,3.1411290322580645
135.0,4.663439094112067,5.267858159063328,196.0,1.9459101490553132,965.0,643.0,3.367295829986474,21.91,0.8968435969386335,1608.0,433.0,0.21712083215929456,0.36861264309760866,3.7136258660508084
159.0,5.3471075307174685,5.087596335232384,201.0,2.0794415416798357,848.0,669.0,3.367295829986474,30.88,0.8171998292299242,1517.0,529.0,0.3329553927421731,0.2657031657330057,2.8676748582230625
144.0,2.772588722239781,5.278114659230517,176.0,1.9459101490553132,1021.0,709.0,3.367295829986474,15.34,0.7985076962177716,1730.0,354.0,0.041499730906752734,0.43880152837575614,4.887005649717514
154.0,5.1647859739235145,5.225746673713202,228.0,2.0794415416798357,845.0,612.0,3.367295829986474,24.34,0.9084680061929461,1457.0,513.0,0.29205844705157974,0.3079432575916029,2.840155945419103
167.0,5.236441962829949,5.278114659230517,185.0,2.0794415416798357,898.0,636.0,3.367295829986474,23.89,0.745637363181342,1534.0,549.0,0.29313167721934563,0.30394259332356127,2.7941712204007287
184.0,4.465908118654584,5.25227342804663,213.0,1.9459101490553132,923.0,623.0,3.367295829986474,22.93,0.7690005230782048,1546.0,460.0,0.17139248626176434,0.3457458734065421,3.360869565217391
156.0,5.187385805840755,5.236441962829949,221.0,2.0794415416798357,854.0,614.0,3.367295829986474,29.41,0.8823891801984737,1468.0,521.0,0.29390070048044337,0.3066940519403529,2.817658349328215
236.9,4.529368472571809,4.283586561860629,246.9,1.9459101490553132,852.9,695.4,3.367295829986474,28.63,0.7140334870111871,1548.3,400.1,0.20635761391890284,0.1644166528000265,3.8697825543614095
313.3,0.0,4.736198448394496,178.5,2.1972245773362196,1001.9,688.7,3.367295829986474,36.8,0.45091093182394615,1690.6,426.3,0.0,0.23512867857201666,3.9657518179685662
154.8,5.2171073111224935,0.0,193.3,2.312535423847214,1047.4,696.7,3.367295829986474,18.29,0.8103558336617664,1744.1000000000001,338.20000000000005,0.4332635741479633,0.0,5.157007687758722
145.9,5.444579873526289,0.0,202.5,1.4816045409242156,827.0,871.8,3.367295829986474,32.72,0.8704297894496078,1698.8,376.4,0.47771162513058496,0.0,4.5132837407013815
296.0,0.0,4.679349584162343,221.4,2.4423470353692043,819.2,778.4,3.367295829986474,31.42,0.5584568154278684,1597.6,402.7,0.0,0.23504169468794817,3.9672212565185
133.1,5.352805551832106,0.0,195.7,1.410986973710262,949.4,795.3,3.367295829986474,28.94,0.9043489377809589,1744.6999999999998,343.29999999999995,0.47765705168504524,0.0,5.082143897465773
313.3,4.983606621708336,0.0,178.5,2.1972245773362196,867.2,824.0,3.367295829986474,40.93,0.45091093182394615,1691.2,458.3,0.2748905939316376,0.0,3.6901592843115862
151.6,0.0,4.726502471155617,184.4,2.186051276738094,992.0,815.9,3.367295829986474,12.18,0.7958656867549331,1807.9,263.5,0.0,0.35393875617099146,6.861100569259962
153.1,4.983606621708336,4.736198448394496,178.5,2.1972245773362196,1001.9,688.7,3.367295829986474,25.56,0.7728381205975018,1690.6,411.1,0.3021116402896855,0.24284601190428784,4.112381415713938
139.9,4.894850261102546,4.647271362006727,200.3,2.128231705849268,916.0,753.4,3.367295829986474,36.44,0.8886057982903259,1669.4,375.8,0.30221145233593405,0.2428522569097115,4.442256519425226
149.5,5.4680601411351315,0.0,175.8,2.6100697927420065,846.8,892.7,3.367295829986474,32.96,0.7774514406485646,1739.5,385.5,0.4775947179473817,0.0,4.512321660181582
299.8,0.0,4.794136285500715,211.5,2.388762789235098,878.2,727.6,3.367295829986474,23.84,0.5338409164174562,1605.8000000000002,419.6,0.0,0.2511555341834875,3.8269780743565303
153.1,4.983606621708336,4.736198448394496,178.5,2.1972245773362196,867.2,824.0,3.367295829986474,26.23,0.7728381205975018,1691.2,411.1,0.3021116402896855,0.24284601190428784,4.113840914619314
148.1,0.0,4.924350925499243,158.1,2.8390784635086144,1001.8,830.1,3.367295829986474,17.96,0.7263507619498303,1831.9,284.7,0.0,0.39190917470097897,6.434492448191079
326.5,0.0,4.933754249760298,199.0,2.468099531471619,801.1,792.5,3.367295829986474,38.63,0.4759202416005201,1593.6,464.4,0.0,0.26000941022593893,3.4315245478036176
152.7,4.981549713201159,0.0,178.1,2.1972245773362196,999.7,822.2,3.367295829986474,19.01,0.7730387509249494,1821.9,297.4,0.3964580668061428,0.0,6.126092804303968
261.9,4.7140245909001735,4.467056883858457,195.4,1.791759469228055,895.2,732.6,3.367295829986474,33.72,0.5573768791503433,1627.8000000000002,458.5,0.2159201424298114,0.17209128854313965,3.550272628135224
158.4,0.0,5.277604324950495,219.7,2.4849066497880004,897.7,712.9,3.367295829986474,8.54,0.8700352315165617,1610.6,353.3,0.0,0.4393226295035859,4.55873195584489
150.7,0.0,5.227358277607543,166.7,2.8094026953624978,1074.5,678.0,3.367295829986474,13.46,0.7448717024598589,1752.5,336.0,0.0,0.439214531810856,5.215773809523809
272.6,0.0,4.506454213048934,198.7,2.451005098112319,931.3,762.2,3.367295829986474,32.25,0.5474893146672528,1693.5,362.20000000000005,0.0,0.22104305858458984,4.675593594699061
149.0,4.775756486563625,4.529368472571809,182.9,2.0918640616783932,953.4,780.3,3.367295829986474,23.52,0.8008874127804698,1733.6999999999998,358.3,0.2838371238161566,0.22787695845345732,4.838682668155177
143.0,5.138148614395216,4.967727793084979,190.7,2.2407096892759584,967.4,643.5,3.367295829986474,29.73,0.847397755497421,1610.9,455.09999999999997,0.31643415454303614,0.27273907482724125,3.539661612832345
259.9,4.6210435351443815,4.37449836825309,170.6,2.4336133554004498,935.7,762.9,3.367295829986474,49.77,0.504650382220341,1698.6,438.9,0.20637118800400103,0.1643513803152811,3.8701298701298703
312.9,5.084505142662711,0.0,177.6,2.3608540011180215,916.6,759.5,3.367295829986474,52.45,0.44954162833058137,1676.1,473.4,0.2919505162102372,0.0,3.540557667934094
284.0,4.793308128103486,0.0,168.3,2.1041341542702074,970.4,794.2,3.367295829986474,40.93,0.4653714383225915,1764.6,403.7,0.25967396223715034,0.0,4.371067624473619
336.5,0.0,0.0,181.9,1.4816045409242156,985.8,816.8,3.367295829986474,44.87,0.4321489959532824,1802.6,336.5,0.0,0.0,5.356909361069836
144.8,0.0,4.902307417210627,180.8,2.4932054526026954,979.5,811.5,3.367295829986474,13.2,0.8103161541767692,1791.0,278.4,0.0,0.3919644208892618,6.433189655172415
150.0,5.471429984256681,0.0,173.8,2.5572273113676265,1069.3,674.8,3.367295829986474,37.43,0.769490747147279,1744.1,386.8,0.4776013736044822,0.0,4.509048603929679
143.7,5.1428324637076415,4.894850261102546,191.6,2.2512917986064953,814.1,805.3,3.367295829986474,29.87,0.8472978603872037,1619.4,446.5,0.3229432816808934,0.2600357739151904,3.6268756998880183
330.5,5.139321635057579,0.0,194.9,2.2082744135228043,811.0,802.3,3.367295829986474,56.62,0.4635532179596985,1613.3,500.1,0.29202177249114647,0.0,3.225954809038192
154.8,0.0,4.9684234452869465,193.3,2.312535423847214,1047.4,696.7,3.367295829986474,12.46,0.8103558336617664,1744.1000000000001,297.6,0.0,0.39193310188958813,5.860551075268817
154.8,5.2171073111224935,0.0,193.3,2.312535423847214,877.2,867.7,3.367295829986474,23.79,0.8103558336617664,1744.9,338.20000000000005,0.4332635741479633,0.0,5.159373151981076
134.7,0.0,5.116195789756748,180.2,2.3978952727983707,961.0,804.9,3.367295829986474,13.29,0.8492050446906607,1765.9,300.4,0.0,0.4392852834887156,5.878495339547271
266.2,4.730039168033961,4.483002552013883,177.9,2.4336133554004498,909.7,744.5,3.367295829986474,39.42,0.5118018563370453,1654.2,466.0,0.21590713103852668,0.1720761180230457,3.549785407725322
314.0,4.9856593080260785,4.73795129722191,178.9,2.1972245773362196,869.1,690.2,3.367295829986474,46.23,0.45091332780307875,1559.3000000000002,572.5,0.2261782432851122,0.18042747886192403,2.723668122270743
312.7,4.981549713201159,0.0,127.3,2.1972245773362196,999.7,822.2,3.367295829986474,44.52,0.34153046244851126,1821.9,457.4,0.2748652628817214,0.0,3.983165719282904
145.7,5.15675380222625,0.0,181.9,1.4816045409242156,985.8,816.8,3.367295829986474,23.74,0.8102436387777552,1802.6,318.29999999999995,0.4332461067759597,0.0,5.66321080741439
143.8,4.922168312773925,4.674696248636701,178.1,2.1400661634962708,941.5,774.3,3.367295829986474,26.15,0.8058174930178161,1715.8,386.3,0.30220208341427646,0.24288019093990795,4.441625679523686
148.1,0.0,5.210032451680465,181.4,2.772588722239781,838.9,884.3,3.367295829986474,15.53,0.7996886326688089,1723.1999999999998,330.2,0.0,0.43921185945912894,5.218655360387643
277.0,4.768988271217486,4.5217885770490405,190.6,2.0794415416798357,946.5,665.6,3.367295829986474,43.58,0.5235957234105748,1612.1,484.8,0.21585633788052536,0.1720239434229708,3.3252887788778875
298.1,0.0,4.686750172980514,163.6,2.624668592163159,953.2,784.0,3.367295829986474,35.87,0.4374863288289174,1737.2,405.6,0.0,0.2351033056709457,4.283037475345168
313.3,4.983606621708336,0.0,178.5,2.1972245773362196,1001.9,688.7,3.367295829986474,41.05,0.45091093182394615,1690.6,458.3,0.2748905939316376,0.0,3.6888500981889587
155.2,5.219815138393079,4.971201224850849,193.8,2.322387720290225,879.6,698.5,3.367295829986474,28.99,0.8103573144533088,1578.1,482.3,0.3230235986846531,0.2599850028320396,3.272029856935517
289.0,4.903050083416319,0.0,194.9,1.8718021769015913,924.1,760.1,3.367295829986474,46.25,0.5154515856868407,1684.2,422.7,0.2748247524765436,0.0,3.9843860894251244
147.8,5.17105201550216,0.0,171.2,1.1631508098056809,1000.0,828.5,3.367295829986474,26.92,0.7693310942707431,1828.5,322.9,0.43325739926042345,0.0,5.66274388355528
145.4,0.0,5.192401140956488,201.7,2.174751721484161,824.0,868.7,3.367295829986474,10.54,0.8701243577683216,1692.7,324.3,0.0,0.43931869207295854,5.219549799568301
312.7,0.0,0.0,178.1,2.1972245773362196,999.7,822.2,3.367295829986474,25.1,0.4507924483729608,1821.9,312.7,0.0,0.0,5.826351135273425
136.4,5.0912931971137105,4.842611042003125,171.6,2.4336133554004498,922.6,764.4,3.367295829986474,29.07,0.8145080375642128,1687.0,423.8,0.32303372842358674,0.2599290950739409,3.9806512505899008
154.8,0.0,4.9684234452869465,193.3,2.312535423847214,877.2,867.7,3.367295829986474,9.74,0.8103558336617664,1744.9,297.6,0.0,0.39193310188958813,5.863239247311828
255.3,4.603168183317418,4.356708826689592,188.6,2.0149030205422647,919.0,749.3,3.367295829986474,33.8,0.5531599875925514,1668.3,431.1,0.20634822774562744,0.16433819684659728,3.869867780097425
272.8,4.664382045619937,4.416428061391214,209.7,2.302585092994046,904.0,679.7,3.367295829986474,37.17,0.5702419948097335,1583.7,459.7,0.20589758336685002,0.163768963628863,3.4450728736132263
162.0,5.252796851246227,5.004617221770693,178.8,2.9856819377004897,838.1,741.4,3.367295829986474,33.76,0.7436994597227766,1579.5,500.20000000000005,0.3221182672659112,0.25934553373743124,3.1577369052379045
153.6,4.978112102390695,4.730039168033961,220.1,2.4069451083182885,923.2,657.9,3.367295829986474,16.5,0.8891015157778664,1581.1,410.09999999999997,0.30130502402774545,0.24203254556420775,3.8554011216776396
146.5,4.750135956238277,4.5031374604229395,201.9,2.2823823856765264,860.0,829.5,3.367295829986474,19.99,0.8663258165212258,1689.5,350.40000000000003,0.2829620465251199,0.22701731712452802,4.821632420091324
151.8,5.187944309066666,4.939497266262916,167.5,2.9601050959108397,944.0,694.6,3.367295829986474,36.35,0.7435672347592068,1638.6,468.59999999999997,0.32213298237885185,0.2592733768298344,3.496798975672215
309.9,4.9684234452869465,4.720282993088596,167.8,3.139832617527748,913.9,651.2,3.367295829986474,38.22,0.4327332556022137,1565.1,563.9,0.22572931688367223,0.17998389723468838,2.775492108529881
143.6,0.0,5.169915651743512,158.4,2.9391619220655967,942.7,844.5,3.367295829986474,15.42,0.7433953607607459,1787.2,318.5,0.0,0.4376977290830383,5.611302982731554
303.6,4.948050418904635,0.0,213.5,1.9740810260220096,895.5,722.5,3.367295829986474,33.42,0.5325252338807009,1618.0,443.5,0.2741752556839869,0.0,3.648252536640361
374.3,0.0,0.0,190.2,2.0412203288596382,1013.2,730.4,3.367295829986474,39.06,0.4108827686793334,1743.6,374.3,0.0,0.0,4.658295484905156
158.6,5.009968405108552,4.762173934797756,175.1,2.772588722239781,953.3,719.7,3.367295829986474,27.68,0.7438570765565807,1673.0,423.5,0.30128453359018675,0.24208927060608026,3.950413223140496
152.6,5.479388141440339,0.0,200.0,1.9878743481543455,1001.8,683.9,3.367295829986474,26.86,0.8375141511134133,1685.6999999999998,391.29999999999995,0.4762452901692116,0.0,4.307947866087401
310.0,4.9684234452869465,0.0,167.9,2.3978952727983707,914.3,804.0,3.367295829986474,45.3,0.4328292081049206,1718.3,452.8,0.27411877392088074,0.0,3.7948321554770317
304.8,0.0,4.611152257665639,196.0,2.379546134130174,959.4,705.2,3.367295829986474,30.12,0.4965509959733976,1664.6,404.4,0.0,0.2201717809250523,4.1162215628091
150.9,0.0,5.219815138393079,166.6,2.533696813957432,991.2,772.2,3.367295829986474,15.57,0.7438604525589431,1763.4,334.8,0.0,0.4377923427420342,5.267025089605735
141.9,5.121580188047982,4.872904620630176,173.5,2.4765384001174837,882.6,785.3,3.367295829986474,44.61,0.798719090362941,1667.9,438.2,0.3222223977039571,0.2592699197220207,3.8062528525787314
297.8,4.92870191133357,4.681204872264089,201.3,1.9459101490553132,878.4,655.3,3.367295829986474,53.52,0.516384356225655,1533.6999999999998,541.9,0.2256869095476772,0.18004302022913468,2.830226979147444
321.3,5.107156861086878,0.0,190.5,1.7227665977411035,870.0,774.0,3.367295829986474,57.22,0.46555865760387566,1644.0,485.5,0.29133143015510565,0.0,3.3861997940267767
366.0,5.236441962829949,0.0,191.3,2.028148247292285,824.3,756.9,3.367295829986474,65.91,0.42047036117412445,1581.1999999999998,553.0,0.29129218467588064,0.0,2.8593128390596743
279.8,4.866764923676554,4.619073091157083,172.4,2.3513752571634776,825.1,804.9,3.367295829986474,52.83,0.48004949761248866,1630.0,509.1,0.22569382243649955,0.17999448801303589,3.2017285405617755
252.1,4.585987366571318,4.338597076746545,193.8,2.2300144001592104,835.5,821.4,3.367295829986474,33.4,0.5702688774395569,1656.9,424.79999999999995,0.20585752872163848,0.163789308665027,3.90042372881356
164.6,0.0,5.019925341003349,181.6,2.5416019934645457,1023.3,728.9,3.367295829986474,18.03,0.7434983544991394,1752.1999999999998,315.0,0.0,0.3903246120425583,5.562539682539682
155.6,5.499215308914927,0.0,180.3,2.4595888418037104,1022.0,697.7,3.367295829986474,37.36,0.7695248848739559,1719.7,399.1,0.47631043462706985,0.0,4.308945126534703
160.2,5.241747015059643,4.993149979755236,203.2,2.509599262378372,828.7,709.7,3.367295829986474,35.31,0.819081121327812,1538.4,494.6,0.32215968138529083,0.2592801018333542,3.1103922361504246
298.1,0.0,4.68213122712422,186.4,1.9600947840472698,879.0,815.2,3.367295829986474,42.64,0.4856884306467951,1694.2,405.1,0.0,0.23438596825985974,4.182177240187608
317.9,0.0,4.848116364598481,209.7,1.9021075263969205,860.5,736.6,3.367295829986474,40.06,0.5066015529264025,1597.1,444.4,0.0,0.2504890052047386,3.593834383438344
287.3,4.799914262780603,4.552823705615882,187.6,2.322387720290225,904.4,695.9,3.367295829986474,43.8,0.5025772895698323,1600.3,501.70000000000005,0.21525925297332932,0.17156696931964663,3.1897548335658756
325.6,5.120386158055375,0.0,174.0,2.2925347571405443,881.6,790.0,3.367295829986474,61.24,0.42813814412303736,1671.6,492.0,0.2913339328705519,0.0,3.397560975609756
355.9,0.0,4.960043507980195,193.3,2.4849066497880004,801.4,778.4,3.367295829986474,40.87,0.43381288137766905,1579.8,497.5,0.0,0.25046538005758867,3.175477386934673
132.0,5.335131339670753,5.0869788606835895,178.9,1.8718021769015913,866.9,735.6,3.367295829986474,33.31,0.8566693944783373,1602.5,499.4,0.34606620655575365,0.27928689935485285,3.208850620744894
322.5,5.007965065540377,0.0,185.8,2.2512917986064953,951.0,709.5,3.367295829986474,52.43,0.4549686882170297,1660.5,471.1,0.27416510426206636,0.0,3.5247293568244533
164.2,0.0,5.303802296778606,181.2,2.6100697927420065,849.3,846.0,3.367295829986474,15.09,0.7436179686942503,1695.3,364.29999999999995,0.0,0.4377855159641409,4.653582212462257
313.8,0.0,4.732683506287051,169.9,2.4069451083182885,925.3,782.9,3.367295829986474,38.46,0.4327090395300053,1708.1999999999998,426.4,0.0,0.23433769805736238,4.0060975609756095
321.4,0.0,4.859036909945142,182.5,2.5257286443082556,870.1,779.7,3.367295829986474,37.27,0.4496913823831402,1649.8000000000002,449.29999999999995,0.0,0.25049801082360157,3.6719341197418216
139.7,5.105339229565553,4.857484114602081,236.7,1.916922612182061,868.6,655.6,3.367295829986474,35.23,0.9911551414483084,1524.2,431.3,0.3220935798650847,0.2593455695013017,3.533967076281011
288.4,4.804021044733257,0.0,177.4,2.0794415416798357,907.9,829.5,3.367295829986474,42.14,0.47940795203944664,1737.4,409.4,0.2589387656444636,0.0,4.243771372740596
298.2,0.0,4.68213122712422,209.7,2.4932054526026954,879.6,744.2,3.367295829986474,31.88,0.5325201754765613,1623.8000000000002,405.2,0.0,0.2343344013908966,4.0074037512339595
264.5,4.718498871295094,4.471638793363569,195.5,1.9315214116032138,832.6,790.4,3.367295829986474,41.54,0.5533852381847866,1623.0,462.0,0.2153208256330007,0.1716223886335461,3.512987012987013
159.8,5.5254529391317835,0.0,168.4,2.580216829592325,1049.3,688.2,3.367295829986474,39.46,0.7197001453238162,1737.5,409.8,0.47626752298968167,0.0,4.239873108833577
166.0,5.563370320939456,0.0,183.2,2.617395832834079,858.8,826.8,3.367295829986474,37.92,0.7436570356089038,1685.6,425.7,0.4762677366064018,0.0,3.9595959595959593
276.4,4.762173934797756,4.514150787600923,179.6,2.2925347571405443,870.1,768.3,3.367295829986474,44.28,0.5006437176208713,1638.4,482.7,0.21536529526485915,0.17149037404829237,3.3942407292314067
322.2,0.0,4.758749273916392,196.0,2.4336133554004498,817.9,813.4,3.367295829986474,31.18,0.4751887973851356,1631.3,437.79999999999995,0.0,0.23431888226406297,3.726130653266332
148.5,4.944495491591711,4.696837374513915,192.7,1.9600947840472698,892.4,780.0,3.367295829986474,23.7,0.8318838573747697,1672.4,396.5,0.3012715354259019,0.2420803883991042,4.217906683480455
159.1,5.234844943592463,0.0,175.6,2.509599262378372,989.6,788.9,3.367295829986474,32.77,0.7437016728735397,1778.5,345.79999999999995,0.43172232433439006,0.0,5.143146327356854
260.9,4.620058798481842,4.373238128640803,200.6,2.2617630984737906,864.5,761.5,3.367295829986474,32.4,0.5703448618002241,1626.0,439.7,0.20584676517175077,0.16388256607271862,3.697975892654082
